user_id,event_date,event_type,user_type
U0001,2026-08-02,register,兴趣提升型
U0001,2026-08-02,start_learning,兴趣提升型
U0001,2026-08-03,open_app,兴趣提升型
U0001,2026-08-03,start_learning,兴趣提升型
U0001,2026-08-04,complete_task,兴趣提升型
U0001,2026-08-04,open_app,兴趣提升型
U0001,2026-08-04,start_learning,兴趣提升型
U0001,2026-08-05,complete_task,兴趣提升型
U0001,2026-08-05,open_app,兴趣提升型
U0001,2026-08-05,start_learning,兴趣提升型
U0001,2026-08-06,open_app,兴趣提升型
U0001,2026-08-06,start_learning,兴趣提升型
U0001,2026-08-08,open_app,兴趣提升型
U0001,2026-08-08,start_learning,兴趣提升型
U0001,2026-08-09,complete_task,兴趣提升型
U0001,2026-08-09,open_app,兴趣提升型
U0001,2026-08-09,start_learning,兴趣提升型
U0002,2026-08-16,register,职场提升型
U0002,2026-08-16,start_learning,职场提升型
U0002,2026-08-29,churn_flag,职场提升型
U0003,2026-08-14,complete_task,习惯打卡型
U0003,2026-08-14,register,习惯打卡型
U0003,2026-08-14,start_learning,习惯打卡型
U0003,2026-08-15,complete_task,习惯打卡型
U0003,2026-08-15,open_app,习惯打卡型
U0003,2026-08-15,start_learning,习惯打卡型
U0003,2026-08-17,open_app,习惯打卡型
U0003,2026-08-17,start_learning,习惯打卡型
U0003,2026-08-20,complete_task,习惯打卡型
U0003,2026-08-20,open_app,习惯打卡型
U0003,2026-08-21,complete_task,习惯打卡型
U0003,2026-08-21,open_app,习惯打卡型
U0003,2026-08-21,start_learning,习惯打卡型
U0004,2026-08-09,complete_task,雅思留学型
U0004,2026-08-09,register,雅思留学型
U0004,2026-08-09,start_learning,雅思留学型
U0004,2026-08-19,churn_flag,雅思留学型
U0004,2026-08-21,reactivate,雅思留学型
U0004,2026-08-21,start_learning,雅思留学型
U0005,2026-08-09,complete_task,托福留学型
U0005,2026-08-09,register,托福留学型
U0005,2026-08-09,start_learning,托福留学型
U0005,2026-08-10,open_app,托福留学型
U0005,2026-08-10,start_learning,托福留学型
U0005,2026-08-11,open_app,托福留学型
U0005,2026-08-11,start_learning,托福留学型
U0006,2026-08-18,complete_task,兴趣提升型
U0006,2026-08-18,register,兴趣提升型
U0006,2026-08-18,start_learning,兴趣提升型
U0006,2026-08-19,complete_task,兴趣提升型
U0006,2026-08-19,open_app,兴趣提升型
U0006,2026-08-19,start_learning,兴趣提升型
U0006,2026-08-23,open_app,兴趣提升型
U0006,2026-08-23,start_learning,兴趣提升型
U0007,2026-08-02,register,考研长期型
U0008,2026-08-14,complete_task,职场提升型
U0008,2026-08-14,register,职场提升型
U0008,2026-08-14,start_learning,职场提升型
U0008,2026-08-15,open_app,职场提升型
U0008,2026-08-15,start_learning,职场提升型
U0008,2026-08-16,complete_task,职场提升型
U0008,2026-08-16,open_app,职场提升型
U0008,2026-08-16,start_learning,职场提升型
U0008,2026-08-17,complete_task,职场提升型
U0008,2026-08-17,open_app,职场提升型
U0008,2026-08-17,start_learning,职场提升型
U0008,2026-08-19,open_app,职场提升型
U0008,2026-08-20,open_app,职场提升型
U0008,2026-08-20,start_learning,职场提升型
U0008,2026-08-21,open_app,职场提升型
U0008,2026-08-21,start_learning,职场提升型
U0008,2026-08-25,churn_flag,职场提升型
U0009,2026-08-05,register,雅思留学型
U0010,2026-08-02,complete_task,四六级冲刺型
U0010,2026-08-02,register,四六级冲刺型
U0010,2026-08-02,start_learning,四六级冲刺型
U0011,2026-08-11,complete_task,四六级冲刺型
U0011,2026-08-11,register,四六级冲刺型
U0011,2026-08-11,start_learning,四六级冲刺型
U0012,2026-08-20,register,职场提升型
U0013,2026-08-15,complete_task,四六级冲刺型
U0013,2026-08-15,register,四六级冲刺型
U0013,2026-08-15,start_learning,四六级冲刺型
U0013,2026-08-16,complete_task,四六级冲刺型
U0013,2026-08-16,open_app,四六级冲刺型
U0013,2026-08-17,open_app,四六级冲刺型
U0013,2026-08-17,start_learning,四六级冲刺型
U0013,2026-08-18,open_app,四六级冲刺型
U0013,2026-08-18,start_learning,四六级冲刺型
U0013,2026-08-19,complete_task,四六级冲刺型
U0013,2026-08-19,open_app,四六级冲刺型
U0013,2026-08-19,start_learning,四六级冲刺型
U0013,2026-08-20,open_app,四六级冲刺型
U0013,2026-08-20,start_learning,四六级冲刺型
U0014,2026-08-16,complete_task,考研长期型
U0014,2026-08-16,register,考研长期型
U0014,2026-08-16,start_learning,考研长期型
U0015,2026-08-15,register,考研长期型
U0016,2026-08-16,complete_task,四六级冲刺型
U0016,2026-08-16,register,四六级冲刺型
U0016,2026-08-16,start_learning,四六级冲刺型
U0016,2026-08-17,complete_task,四六级冲刺型
U0016,2026-08-17,open_app,四六级冲刺型
U0016,2026-08-17,start_learning,四六级冲刺型
U0016,2026-08-18,open_app,四六级冲刺型
U0016,2026-08-18,start_learning,四六级冲刺型
U0016,2026-08-20,complete_task,四六级冲刺型
U0016,2026-08-20,open_app,四六级冲刺型
U0016,2026-08-20,start_learning,四六级冲刺型
U0016,2026-08-21,complete_task,四六级冲刺型
U0016,2026-08-21,open_app,四六级冲刺型
U0016,2026-08-22,complete_task,四六级冲刺型
U0016,2026-08-22,open_app,四六级冲刺型
U0016,2026-08-23,complete_task,四六级冲刺型
U0016,2026-08-23,open_app,四六级冲刺型
U0016,2026-08-23,start_learning,四六级冲刺型
U0017,2026-08-11,register,考研长期型
U0018,2026-08-03,register,兴趣提升型
U0018,2026-08-03,start_learning,兴趣提升型
U0018,2026-08-14,churn_flag,兴趣提升型
U0019,2026-08-17,complete_task,四六级冲刺型
U0019,2026-08-17,register,四六级冲刺型
U0019,2026-08-17,start_learning,四六级冲刺型
U0020,2026-08-10,register,职场提升型
U0021,2026-08-11,register,职场提升型
U0022,2026-08-08,register,考研长期型
U0022,2026-08-08,start_learning,考研长期型
U0022,2026-08-09,open_app,考研长期型
U0022,2026-08-09,start_learning,考研长期型
U0022,2026-08-11,complete_task,考研长期型
U0022,2026-08-11,open_app,考研长期型
U0022,2026-08-11,start_learning,考研长期型
U0022,2026-08-12,open_app,考研长期型
U0022,2026-08-12,start_learning,考研长期型
U0022,2026-08-13,open_app,考研长期型
U0022,2026-08-13,start_learning,考研长期型
U0022,2026-08-14,open_app,考研长期型
U0022,2026-08-14,start_learning,考研长期型
U0023,2026-08-04,register,四六级冲刺型
U0024,2026-08-19,register,职业证书型
U0025,2026-08-16,register,四六级冲刺型
U0026,2026-08-13,register,考研长期型
U0027,2026-08-09,register,习惯打卡型
U0028,2026-08-17,complete_task,习惯打卡型
U0028,2026-08-17,register,习惯打卡型
U0028,2026-08-17,start_learning,习惯打卡型
U0028,2026-08-18,complete_task,习惯打卡型
U0028,2026-08-18,open_app,习惯打卡型
U0028,2026-08-19,complete_task,习惯打卡型
U0028,2026-08-19,open_app,习惯打卡型
U0028,2026-08-21,open_app,习惯打卡型
U0028,2026-08-22,complete_task,习惯打卡型
U0028,2026-08-22,open_app,习惯打卡型
U0028,2026-08-22,start_learning,习惯打卡型
U0029,2026-08-11,complete_task,兴趣提升型
U0029,2026-08-11,register,兴趣提升型
U0029,2026-08-11,start_learning,兴趣提升型
U0030,2026-08-09,complete_task,考研长期型
U0030,2026-08-09,register,考研长期型
U0030,2026-08-09,start_learning,考研长期型
U0030,2026-08-16,complete_task,考研长期型
U0030,2026-08-16,open_app,考研长期型
U0030,2026-08-16,start_learning,考研长期型
U0031,2026-08-10,complete_task,兴趣提升型
U0031,2026-08-10,register,兴趣提升型
U0031,2026-08-10,start_learning,兴趣提升型
U0031,2026-08-11,open_app,兴趣提升型
U0031,2026-08-13,open_app,兴趣提升型
U0031,2026-08-13,start_learning,兴趣提升型
U0031,2026-08-14,complete_task,兴趣提升型
U0031,2026-08-14,open_app,兴趣提升型
U0031,2026-08-14,start_learning,兴趣提升型
U0032,2026-08-05,complete_task,兴趣提升型
U0032,2026-08-05,register,兴趣提升型
U0032,2026-08-05,start_learning,兴趣提升型
U0032,2026-08-06,complete_task,兴趣提升型
U0032,2026-08-06,open_app,兴趣提升型
U0032,2026-08-06,start_learning,兴趣提升型
U0032,2026-08-09,complete_task,兴趣提升型
U0032,2026-08-09,open_app,兴趣提升型
U0032,2026-08-09,start_learning,兴趣提升型
U0033,2026-08-02,complete_task,考研长期型
U0033,2026-08-02,register,考研长期型
U0033,2026-08-02,start_learning,考研长期型
U0033,2026-08-03,complete_task,考研长期型
U0033,2026-08-03,open_app,考研长期型
U0033,2026-08-03,start_learning,考研长期型
U0033,2026-08-05,open_app,考研长期型
U0033,2026-08-05,start_learning,考研长期型
U0034,2026-08-12,complete_task,职业证书型
U0034,2026-08-12,register,职业证书型
U0034,2026-08-12,start_learning,职业证书型
U0034,2026-08-13,complete_task,职业证书型
U0034,2026-08-13,open_app,职业证书型
U0034,2026-08-13,start_learning,职业证书型
U0034,2026-08-14,complete_task,职业证书型
U0034,2026-08-14,open_app,职业证书型
U0034,2026-08-14,start_learning,职业证书型
U0034,2026-08-15,open_app,职业证书型
U0034,2026-08-15,start_learning,职业证书型
U0034,2026-08-16,open_app,职业证书型
U0034,2026-08-16,start_learning,职业证书型
U0034,2026-08-17,complete_task,职业证书型
U0034,2026-08-17,open_app,职业证书型
U0034,2026-08-17,start_learning,职业证书型
U0034,2026-08-18,open_app,职业证书型
U0034,2026-08-18,start_learning,职业证书型
U0034,2026-08-19,complete_task,职业证书型
U0034,2026-08-19,open_app,职业证书型
U0034,2026-08-19,start_learning,职业证书型
U0035,2026-08-18,complete_task,四六级冲刺型
U0035,2026-08-18,register,四六级冲刺型
U0035,2026-08-18,start_learning,四六级冲刺型
U0035,2026-08-19,complete_task,四六级冲刺型
U0035,2026-08-19,open_app,四六级冲刺型
U0035,2026-08-19,start_learning,四六级冲刺型
U0035,2026-08-23,complete_task,四六级冲刺型
U0035,2026-08-23,open_app,四六级冲刺型
U0035,2026-08-23,start_learning,四六级冲刺型
U0035,2026-08-24,complete_task,四六级冲刺型
U0035,2026-08-24,open_app,四六级冲刺型
U0035,2026-08-24,start_learning,四六级冲刺型
U0036,2026-08-02,register,四六级冲刺型
U0037,2026-08-18,complete_task,托福留学型
U0037,2026-08-18,register,托福留学型
U0037,2026-08-18,start_learning,托福留学型
U0037,2026-08-19,open_app,托福留学型
U0037,2026-08-19,start_learning,托福留学型
U0037,2026-08-21,open_app,托福留学型
U0037,2026-08-21,start_learning,托福留学型
U0037,2026-08-23,complete_task,托福留学型
U0037,2026-08-23,open_app,托福留学型
U0037,2026-08-23,start_learning,托福留学型
U0037,2026-08-25,complete_task,托福留学型
U0037,2026-08-25,open_app,托福留学型
U0037,2026-08-25,start_learning,托福留学型
U0038,2026-08-17,complete_task,四六级冲刺型
U0038,2026-08-17,register,四六级冲刺型
U0038,2026-08-17,start_learning,四六级冲刺型
U0038,2026-08-18,complete_task,四六级冲刺型
U0038,2026-08-18,open_app,四六级冲刺型
U0038,2026-08-18,start_learning,四六级冲刺型
U0038,2026-08-19,open_app,四六级冲刺型
U0038,2026-08-19,start_learning,四六级冲刺型
U0038,2026-08-20,complete_task,四六级冲刺型
U0038,2026-08-20,open_app,四六级冲刺型
U0038,2026-08-20,start_learning,四六级冲刺型
U0038,2026-08-22,complete_task,四六级冲刺型
U0038,2026-08-22,open_app,四六级冲刺型
U0038,2026-08-22,start_learning,四六级冲刺型
U0038,2026-08-24,open_app,四六级冲刺型
U0038,2026-08-24,start_learning,四六级冲刺型
U0039,2026-08-06,register,四六级冲刺型
U0040,2026-08-13,complete_task,职场提升型
U0040,2026-08-13,register,职场提升型
U0040,2026-08-13,start_learning,职场提升型
U0040,2026-08-21,churn_flag,职场提升型
U0040,2026-08-25,reactivate,职场提升型
U0040,2026-08-25,start_learning,职场提升型
U0041,2026-08-04,complete_task,习惯打卡型
U0041,2026-08-04,register,习惯打卡型
U0041,2026-08-04,start_learning,习惯打卡型
U0042,2026-08-16,register,托福留学型
U0042,2026-08-16,start_learning,托福留学型
U0043,2026-08-15,register,职场提升型
U0044,2026-08-08,complete_task,习惯打卡型
U0044,2026-08-08,register,习惯打卡型
U0044,2026-08-08,start_learning,习惯打卡型
U0045,2026-08-02,register,四六级冲刺型
U0046,2026-08-20,complete_task,雅思留学型
U0046,2026-08-20,register,雅思留学型
U0046,2026-08-20,start_learning,雅思留学型
U0046,2026-08-21,complete_task,雅思留学型
U0046,2026-08-21,open_app,雅思留学型
U0046,2026-08-21,start_learning,雅思留学型
U0046,2026-08-23,complete_task,雅思留学型
U0046,2026-08-23,open_app,雅思留学型
U0046,2026-08-23,start_learning,雅思留学型
U0046,2026-08-24,complete_task,雅思留学型
U0046,2026-08-24,open_app,雅思留学型
U0046,2026-08-24,start_learning,雅思留学型
U0046,2026-08-26,open_app,雅思留学型
U0046,2026-08-26,start_learning,雅思留学型
U0046,2026-08-29,churn_flag,雅思留学型
U0046,2026-08-31,reactivate,雅思留学型
U0046,2026-08-31,start_learning,雅思留学型
U0047,2026-08-09,complete_task,考研长期型
U0047,2026-08-09,register,考研长期型
U0047,2026-08-09,start_learning,考研长期型
U0047,2026-08-10,complete_task,考研长期型
U0047,2026-08-10,open_app,考研长期型
U0047,2026-08-10,start_learning,考研长期型
U0047,2026-08-11,complete_task,考研长期型
U0047,2026-08-11,open_app,考研长期型
U0047,2026-08-13,complete_task,考研长期型
U0047,2026-08-13,open_app,考研长期型
U0047,2026-08-13,start_learning,考研长期型
U0047,2026-08-16,complete_task,考研长期型
U0047,2026-08-16,open_app,考研长期型
U0047,2026-08-16,start_learning,考研长期型
U0048,2026-08-18,complete_task,四六级冲刺型
U0048,2026-08-18,register,四六级冲刺型
U0048,2026-08-18,start_learning,四六级冲刺型
U0048,2026-08-19,open_app,四六级冲刺型
U0048,2026-08-19,start_learning,四六级冲刺型
U0048,2026-08-22,complete_task,四六级冲刺型
U0048,2026-08-22,open_app,四六级冲刺型
U0048,2026-08-22,start_learning,四六级冲刺型
U0048,2026-08-23,complete_task,四六级冲刺型
U0048,2026-08-23,open_app,四六级冲刺型
U0048,2026-08-23,start_learning,四六级冲刺型
U0048,2026-08-24,complete_task,四六级冲刺型
U0048,2026-08-24,open_app,四六级冲刺型
U0048,2026-08-24,start_learning,四六级冲刺型
U0048,2026-08-25,complete_task,四六级冲刺型
U0048,2026-08-25,open_app,四六级冲刺型
U0048,2026-08-25,start_learning,四六级冲刺型
U0049,2026-08-14,register,兴趣提升型
U0050,2026-08-16,register,雅思留学型
U0051,2026-08-16,complete_task,雅思留学型
U0051,2026-08-16,register,雅思留学型
U0051,2026-08-16,start_learning,雅思留学型
U0051,2026-08-17,complete_task,雅思留学型
U0051,2026-08-17,open_app,雅思留学型
U0051,2026-08-17,start_learning,雅思留学型
U0051,2026-08-18,complete_task,雅思留学型
U0051,2026-08-18,open_app,雅思留学型
U0051,2026-08-18,start_learning,雅思留学型
U0051,2026-08-19,open_app,雅思留学型
U0051,2026-08-19,start_learning,雅思留学型
U0051,2026-08-21,complete_task,雅思留学型
U0051,2026-08-21,open_app,雅思留学型
U0051,2026-08-25,churn_flag,雅思留学型
U0052,2026-08-04,register,四六级冲刺型
U0053,2026-08-08,register,四六级冲刺型
U0054,2026-08-10,register,习惯打卡型
U0055,2026-08-10,complete_task,四六级冲刺型
U0055,2026-08-10,register,四六级冲刺型
U0055,2026-08-10,start_learning,四六级冲刺型
U0056,2026-08-01,complete_task,考研长期型
U0056,2026-08-01,register,考研长期型
U0056,2026-08-01,start_learning,考研长期型
U0056,2026-08-02,complete_task,考研长期型
U0056,2026-08-02,open_app,考研长期型
U0056,2026-08-02,start_learning,考研长期型
U0056,2026-08-05,complete_task,考研长期型
U0056,2026-08-05,open_app,考研长期型
U0056,2026-08-05,start_learning,考研长期型
U0056,2026-08-08,complete_task,考研长期型
U0056,2026-08-08,open_app,考研长期型
U0056,2026-08-08,start_learning,考研长期型
U0057,2026-08-11,register,考研长期型
U0057,2026-08-11,start_learning,考研长期型
U0058,2026-08-04,register,雅思留学型
U0058,2026-08-04,start_learning,雅思留学型
U0058,2026-08-05,open_app,雅思留学型
U0058,2026-08-05,start_learning,雅思留学型
U0058,2026-08-06,open_app,雅思留学型
U0058,2026-08-06,start_learning,雅思留学型
U0058,2026-08-07,open_app,雅思留学型
U0058,2026-08-07,start_learning,雅思留学型
U0058,2026-08-08,complete_task,雅思留学型
U0058,2026-08-08,open_app,雅思留学型
U0058,2026-08-08,start_learning,雅思留学型
U0058,2026-08-10,open_app,雅思留学型
U0058,2026-08-10,start_learning,雅思留学型
U0059,2026-08-15,register,托福留学型
U0059,2026-08-15,start_learning,托福留学型
U0059,2026-08-22,open_app,托福留学型
U0059,2026-08-22,start_learning,托福留学型
U0060,2026-08-14,complete_task,雅思留学型
U0060,2026-08-14,register,雅思留学型
U0060,2026-08-14,start_learning,雅思留学型
U0060,2026-08-21,complete_task,雅思留学型
U0060,2026-08-21,open_app,雅思留学型
U0060,2026-08-21,start_learning,雅思留学型
U0060,2026-08-23,churn_flag,雅思留学型
U0061,2026-08-19,complete_task,四六级冲刺型
U0061,2026-08-19,register,四六级冲刺型
U0061,2026-08-19,start_learning,四六级冲刺型
U0061,2026-08-20,complete_task,四六级冲刺型
U0061,2026-08-20,open_app,四六级冲刺型
U0061,2026-08-20,start_learning,四六级冲刺型
U0061,2026-08-22,complete_task,四六级冲刺型
U0061,2026-08-22,open_app,四六级冲刺型
U0061,2026-08-22,start_learning,四六级冲刺型
U0061,2026-08-23,open_app,四六级冲刺型
U0061,2026-08-23,start_learning,四六级冲刺型
U0061,2026-08-24,open_app,四六级冲刺型
U0061,2026-08-24,start_learning,四六级冲刺型
U0061,2026-08-25,complete_task,四六级冲刺型
U0061,2026-08-25,open_app,四六级冲刺型
U0061,2026-08-25,start_learning,四六级冲刺型
U0061,2026-08-26,complete_task,四六级冲刺型
U0061,2026-08-26,open_app,四六级冲刺型
U0061,2026-08-26,start_learning,四六级冲刺型
U0062,2026-08-15,register,考研长期型
U0063,2026-08-08,complete_task,职场提升型
U0063,2026-08-08,register,职场提升型
U0063,2026-08-08,start_learning,职场提升型
U0064,2026-08-20,register,职业证书型
U0064,2026-08-20,start_learning,职业证书型
U0064,2026-08-27,complete_task,职业证书型
U0064,2026-08-27,open_app,职业证书型
U0064,2026-08-27,start_learning,职业证书型
U0065,2026-08-09,complete_task,职业证书型
U0065,2026-08-09,register,职业证书型
U0065,2026-08-09,start_learning,职业证书型
U0065,2026-08-16,complete_task,职业证书型
U0065,2026-08-16,open_app,职业证书型
U0065,2026-08-16,start_learning,职业证书型
U0066,2026-08-07,complete_task,职业证书型
U0066,2026-08-07,register,职业证书型
U0066,2026-08-07,start_learning,职业证书型
U0066,2026-08-18,churn_flag,职业证书型
U0066,2026-08-24,reactivate,职业证书型
U0066,2026-08-24,start_learning,职业证书型
U0067,2026-08-19,complete_task,兴趣提升型
U0067,2026-08-19,register,兴趣提升型
U0067,2026-08-19,start_learning,兴趣提升型
U0067,2026-08-20,open_app,兴趣提升型
U0067,2026-08-20,start_learning,兴趣提升型
U0067,2026-08-21,complete_task,兴趣提升型
U0067,2026-08-21,open_app,兴趣提升型
U0067,2026-08-22,complete_task,兴趣提升型
U0067,2026-08-22,open_app,兴趣提升型
U0067,2026-08-23,complete_task,兴趣提升型
U0067,2026-08-23,open_app,兴趣提升型
U0067,2026-08-26,complete_task,兴趣提升型
U0067,2026-08-26,open_app,兴趣提升型
U0067,2026-08-26,start_learning,兴趣提升型
U0067,2026-09-02,churn_flag,兴趣提升型
U0068,2026-08-08,complete_task,四六级冲刺型
U0068,2026-08-08,register,四六级冲刺型
U0068,2026-08-08,start_learning,四六级冲刺型
U0068,2026-08-09,complete_task,四六级冲刺型
U0068,2026-08-09,open_app,四六级冲刺型
U0068,2026-08-09,start_learning,四六级冲刺型
U0068,2026-08-10,open_app,四六级冲刺型
U0068,2026-08-10,start_learning,四六级冲刺型
U0068,2026-08-11,open_app,四六级冲刺型
U0068,2026-08-11,start_learning,四六级冲刺型
U0068,2026-08-13,complete_task,四六级冲刺型
U0068,2026-08-13,open_app,四六级冲刺型
U0068,2026-08-14,complete_task,四六级冲刺型
U0068,2026-08-14,open_app,四六级冲刺型
U0068,2026-08-14,start_learning,四六级冲刺型
U0068,2026-08-15,open_app,四六级冲刺型
U0068,2026-08-15,start_learning,四六级冲刺型
U0068,2026-08-18,churn_flag,四六级冲刺型
U0069,2026-08-02,complete_task,考研长期型
U0069,2026-08-02,register,考研长期型
U0069,2026-08-02,start_learning,考研长期型
U0069,2026-08-15,churn_flag,考研长期型
U0069,2026-08-17,reactivate,考研长期型
U0069,2026-08-17,start_learning,考研长期型
U0070,2026-08-10,complete_task,托福留学型
U0070,2026-08-10,register,托福留学型
U0070,2026-08-10,start_learning,托福留学型
U0070,2026-08-11,open_app,托福留学型
U0070,2026-08-11,start_learning,托福留学型
U0070,2026-08-12,complete_task,托福留学型
U0070,2026-08-12,open_app,托福留学型
U0070,2026-08-12,start_learning,托福留学型
U0070,2026-08-13,complete_task,托福留学型
U0070,2026-08-13,open_app,托福留学型
U0070,2026-08-13,start_learning,托福留学型
U0070,2026-08-14,complete_task,托福留学型
U0070,2026-08-14,open_app,托福留学型
U0070,2026-08-14,start_learning,托福留学型
U0070,2026-08-15,complete_task,托福留学型
U0070,2026-08-15,open_app,托福留学型
U0070,2026-08-15,start_learning,托福留学型
U0070,2026-08-16,complete_task,托福留学型
U0070,2026-08-16,open_app,托福留学型
U0070,2026-08-16,start_learning,托福留学型
U0071,2026-08-16,register,考研长期型
U0072,2026-08-04,complete_task,职场提升型
U0072,2026-08-04,register,职场提升型
U0072,2026-08-04,start_learning,职场提升型
U0072,2026-08-05,open_app,职场提升型
U0072,2026-08-05,start_learning,职场提升型
U0072,2026-08-08,open_app,职场提升型
U0072,2026-08-08,start_learning,职场提升型
U0072,2026-08-09,complete_task,职场提升型
U0072,2026-08-09,open_app,职场提升型
U0072,2026-08-15,churn_flag,职场提升型
U0073,2026-08-10,complete_task,雅思留学型
U0073,2026-08-10,register,雅思留学型
U0073,2026-08-10,start_learning,雅思留学型
U0074,2026-08-03,complete_task,兴趣提升型
U0074,2026-08-03,register,兴趣提升型
U0074,2026-08-03,start_learning,兴趣提升型
U0074,2026-08-04,complete_task,兴趣提升型
U0074,2026-08-04,open_app,兴趣提升型
U0074,2026-08-04,start_learning,兴趣提升型
U0074,2026-08-05,complete_task,兴趣提升型
U0074,2026-08-05,open_app,兴趣提升型
U0074,2026-08-05,start_learning,兴趣提升型
U0074,2026-08-07,complete_task,兴趣提升型
U0074,2026-08-07,open_app,兴趣提升型
U0074,2026-08-08,complete_task,兴趣提升型
U0074,2026-08-08,open_app,兴趣提升型
U0074,2026-08-08,start_learning,兴趣提升型
U0074,2026-08-09,complete_task,兴趣提升型
U0074,2026-08-09,open_app,兴趣提升型
U0074,2026-08-09,start_learning,兴趣提升型
U0074,2026-08-10,complete_task,兴趣提升型
U0074,2026-08-10,open_app,兴趣提升型
U0074,2026-08-10,start_learning,兴趣提升型
U0075,2026-08-14,register,职场提升型
U0076,2026-08-10,register,雅思留学型
U0076,2026-08-10,start_learning,雅思留学型
U0077,2026-08-07,complete_task,习惯打卡型
U0077,2026-08-07,register,习惯打卡型
U0077,2026-08-07,start_learning,习惯打卡型
U0077,2026-08-08,complete_task,习惯打卡型
U0077,2026-08-08,open_app,习惯打卡型
U0077,2026-08-09,complete_task,习惯打卡型
U0077,2026-08-09,open_app,习惯打卡型
U0077,2026-08-12,open_app,习惯打卡型
U0077,2026-08-12,start_learning,习惯打卡型
U0077,2026-08-13,complete_task,习惯打卡型
U0077,2026-08-13,open_app,习惯打卡型
U0077,2026-08-13,start_learning,习惯打卡型
U0077,2026-08-17,churn_flag,习惯打卡型
U0078,2026-08-05,complete_task,托福留学型
U0078,2026-08-05,register,托福留学型
U0078,2026-08-05,start_learning,托福留学型
U0078,2026-08-06,complete_task,托福留学型
U0078,2026-08-06,open_app,托福留学型
U0078,2026-08-06,start_learning,托福留学型
U0078,2026-08-07,open_app,托福留学型
U0078,2026-08-07,start_learning,托福留学型
U0078,2026-08-08,complete_task,托福留学型
U0078,2026-08-08,open_app,托福留学型
U0078,2026-08-10,open_app,托福留学型
U0078,2026-08-10,start_learning,托福留学型
U0078,2026-08-12,complete_task,托福留学型
U0078,2026-08-12,open_app,托福留学型
U0078,2026-08-12,start_learning,托福留学型
U0079,2026-08-12,complete_task,职场提升型
U0079,2026-08-12,register,职场提升型
U0079,2026-08-12,start_learning,职场提升型
U0080,2026-08-14,complete_task,考研长期型
U0080,2026-08-14,register,考研长期型
U0080,2026-08-14,start_learning,考研长期型
U0081,2026-08-19,register,雅思留学型
U0081,2026-08-19,start_learning,雅思留学型
U0081,2026-09-02,churn_flag,雅思留学型
U0081,2026-09-09,reactivate,雅思留学型
U0081,2026-09-09,start_learning,雅思留学型
U0082,2026-08-09,complete_task,托福留学型
U0082,2026-08-09,register,托福留学型
U0082,2026-08-09,start_learning,托福留学型
U0082,2026-08-10,complete_task,托福留学型
U0082,2026-08-10,open_app,托福留学型
U0082,2026-08-10,start_learning,托福留学型
U0082,2026-08-11,complete_task,托福留学型
U0082,2026-08-11,open_app,托福留学型
U0082,2026-08-11,start_learning,托福留学型
U0082,2026-08-13,complete_task,托福留学型
U0082,2026-08-13,open_app,托福留学型
U0082,2026-08-13,start_learning,托福留学型
U0082,2026-08-15,open_app,托福留学型
U0082,2026-08-15,start_learning,托福留学型
U0083,2026-08-04,register,四六级冲刺型
U0084,2026-08-17,complete_task,考研长期型
U0084,2026-08-17,register,考研长期型
U0084,2026-08-17,start_learning,考研长期型
U0085,2026-08-13,complete_task,习惯打卡型
U0085,2026-08-13,register,习惯打卡型
U0085,2026-08-13,start_learning,习惯打卡型
U0085,2026-08-14,complete_task,习惯打卡型
U0085,2026-08-14,open_app,习惯打卡型
U0085,2026-08-14,start_learning,习惯打卡型
U0086,2026-08-15,complete_task,职业证书型
U0086,2026-08-15,register,职业证书型
U0086,2026-08-15,start_learning,职业证书型
U0086,2026-08-16,open_app,职业证书型
U0086,2026-08-17,complete_task,职业证书型
U0086,2026-08-17,open_app,职业证书型
U0086,2026-08-17,start_learning,职业证书型
U0086,2026-08-19,open_app,职业证书型
U0086,2026-08-19,start_learning,职业证书型
U0086,2026-08-21,open_app,职业证书型
U0086,2026-08-21,start_learning,职业证书型
U0087,2026-08-02,complete_task,四六级冲刺型
U0087,2026-08-02,register,四六级冲刺型
U0087,2026-08-02,start_learning,四六级冲刺型
U0087,2026-08-03,complete_task,四六级冲刺型
U0087,2026-08-03,open_app,四六级冲刺型
U0087,2026-08-03,start_learning,四六级冲刺型
U0087,2026-08-04,open_app,四六级冲刺型
U0087,2026-08-04,start_learning,四六级冲刺型
U0087,2026-08-06,complete_task,四六级冲刺型
U0087,2026-08-06,open_app,四六级冲刺型
U0087,2026-08-06,start_learning,四六级冲刺型
U0087,2026-08-07,complete_task,四六级冲刺型
U0087,2026-08-07,open_app,四六级冲刺型
U0087,2026-08-07,start_learning,四六级冲刺型
U0088,2026-08-07,complete_task,考研长期型
U0088,2026-08-07,register,考研长期型
U0088,2026-08-07,start_learning,考研长期型
U0088,2026-08-08,complete_task,考研长期型
U0088,2026-08-08,open_app,考研长期型
U0088,2026-08-08,start_learning,考研长期型
U0088,2026-08-09,complete_task,考研长期型
U0088,2026-08-09,open_app,考研长期型
U0088,2026-08-09,start_learning,考研长期型
U0088,2026-08-11,complete_task,考研长期型
U0088,2026-08-11,open_app,考研长期型
U0088,2026-08-11,start_learning,考研长期型
U0088,2026-08-12,open_app,考研长期型
U0088,2026-08-12,start_learning,考研长期型
U0088,2026-08-13,complete_task,考研长期型
U0088,2026-08-13,open_app,考研长期型
U0088,2026-08-13,start_learning,考研长期型
U0088,2026-08-14,complete_task,考研长期型
U0088,2026-08-14,open_app,考研长期型
U0088,2026-08-14,start_learning,考研长期型
U0089,2026-08-16,register,四六级冲刺型
U0090,2026-08-17,complete_task,四六级冲刺型
U0090,2026-08-17,register,四六级冲刺型
U0090,2026-08-17,start_learning,四六级冲刺型
U0091,2026-08-09,complete_task,习惯打卡型
U0091,2026-08-09,register,习惯打卡型
U0091,2026-08-09,start_learning,习惯打卡型
U0091,2026-08-10,open_app,习惯打卡型
U0091,2026-08-10,start_learning,习惯打卡型
U0091,2026-08-11,complete_task,习惯打卡型
U0091,2026-08-11,open_app,习惯打卡型
U0091,2026-08-11,start_learning,习惯打卡型
U0091,2026-08-14,complete_task,习惯打卡型
U0091,2026-08-14,open_app,习惯打卡型
U0091,2026-08-14,start_learning,习惯打卡型
U0091,2026-08-16,complete_task,习惯打卡型
U0091,2026-08-16,open_app,习惯打卡型
U0091,2026-08-16,start_learning,习惯打卡型
U0092,2026-08-17,register,雅思留学型
U0093,2026-08-17,complete_task,考研长期型
U0093,2026-08-17,register,考研长期型
U0093,2026-08-17,start_learning,考研长期型
U0094,2026-08-08,complete_task,托福留学型
U0094,2026-08-08,register,托福留学型
U0094,2026-08-08,start_learning,托福留学型
U0095,2026-08-18,complete_task,四六级冲刺型
U0095,2026-08-18,register,四六级冲刺型
U0095,2026-08-18,start_learning,四六级冲刺型
U0095,2026-08-19,complete_task,四六级冲刺型
U0095,2026-08-19,open_app,四六级冲刺型
U0095,2026-08-19,start_learning,四六级冲刺型
U0095,2026-08-20,complete_task,四六级冲刺型
U0095,2026-08-20,open_app,四六级冲刺型
U0095,2026-08-20,start_learning,四六级冲刺型
U0095,2026-08-21,open_app,四六级冲刺型
U0095,2026-08-21,start_learning,四六级冲刺型
U0095,2026-08-23,open_app,四六级冲刺型
U0095,2026-08-23,start_learning,四六级冲刺型
U0095,2026-08-24,complete_task,四六级冲刺型
U0095,2026-08-24,open_app,四六级冲刺型
U0095,2026-08-24,start_learning,四六级冲刺型
U0095,2026-08-25,open_app,四六级冲刺型
U0095,2026-08-25,start_learning,四六级冲刺型
U0096,2026-08-06,complete_task,考研长期型
U0096,2026-08-06,register,考研长期型
U0096,2026-08-06,start_learning,考研长期型
U0096,2026-08-07,open_app,考研长期型
U0096,2026-08-07,start_learning,考研长期型
U0096,2026-08-08,open_app,考研长期型
U0096,2026-08-08,start_learning,考研长期型
U0096,2026-08-10,complete_task,考研长期型
U0096,2026-08-10,open_app,考研长期型
U0096,2026-08-10,start_learning,考研长期型
U0097,2026-08-05,register,兴趣提升型
U0098,2026-08-14,register,职业证书型
U0099,2026-08-13,complete_task,习惯打卡型
U0099,2026-08-13,register,习惯打卡型
U0099,2026-08-13,start_learning,习惯打卡型
U0099,2026-08-14,open_app,习惯打卡型
U0099,2026-08-14,start_learning,习惯打卡型
U0099,2026-08-17,complete_task,习惯打卡型
U0099,2026-08-17,open_app,习惯打卡型
U0099,2026-08-17,start_learning,习惯打卡型
U0099,2026-08-18,complete_task,习惯打卡型
U0099,2026-08-18,open_app,习惯打卡型
U0099,2026-08-18,start_learning,习惯打卡型
U0099,2026-08-19,complete_task,习惯打卡型
U0099,2026-08-19,open_app,习惯打卡型
U0099,2026-08-20,open_app,习惯打卡型
U0099,2026-08-20,start_learning,习惯打卡型
U0099,2026-08-23,churn_flag,习惯打卡型
U0100,2026-08-03,register,职业证书型
U0101,2026-08-17,complete_task,雅思留学型
U0101,2026-08-17,register,雅思留学型
U0101,2026-08-17,start_learning,雅思留学型
U0102,2026-08-04,complete_task,兴趣提升型
U0102,2026-08-04,register,兴趣提升型
U0102,2026-08-04,start_learning,兴趣提升型
U0102,2026-08-05,open_app,兴趣提升型
U0102,2026-08-05,start_learning,兴趣提升型
U0102,2026-08-08,open_app,兴趣提升型
U0102,2026-08-08,start_learning,兴趣提升型
U0102,2026-08-09,complete_task,兴趣提升型
U0102,2026-08-09,open_app,兴趣提升型
U0102,2026-08-09,start_learning,兴趣提升型
U0102,2026-08-10,complete_task,兴趣提升型
U0102,2026-08-10,open_app,兴趣提升型
U0102,2026-08-10,start_learning,兴趣提升型
U0102,2026-08-11,complete_task,兴趣提升型
U0102,2026-08-11,open_app,兴趣提升型
U0102,2026-08-11,start_learning,兴趣提升型
U0103,2026-08-17,complete_task,习惯打卡型
U0103,2026-08-17,register,习惯打卡型
U0103,2026-08-17,start_learning,习惯打卡型
U0104,2026-08-01,complete_task,兴趣提升型
U0104,2026-08-01,register,兴趣提升型
U0104,2026-08-01,start_learning,兴趣提升型
U0104,2026-08-02,complete_task,兴趣提升型
U0104,2026-08-02,open_app,兴趣提升型
U0104,2026-08-02,start_learning,兴趣提升型
U0104,2026-08-05,complete_task,兴趣提升型
U0104,2026-08-05,open_app,兴趣提升型
U0104,2026-08-05,start_learning,兴趣提升型
U0105,2026-08-16,complete_task,习惯打卡型
U0105,2026-08-16,register,习惯打卡型
U0105,2026-08-16,start_learning,习惯打卡型
U0106,2026-08-16,complete_task,兴趣提升型
U0106,2026-08-16,register,兴趣提升型
U0106,2026-08-16,start_learning,兴趣提升型
U0106,2026-08-17,complete_task,兴趣提升型
U0106,2026-08-17,open_app,兴趣提升型
U0106,2026-08-17,start_learning,兴趣提升型
U0106,2026-08-19,complete_task,兴趣提升型
U0106,2026-08-19,open_app,兴趣提升型
U0106,2026-08-19,start_learning,兴趣提升型
U0106,2026-08-20,complete_task,兴趣提升型
U0106,2026-08-20,open_app,兴趣提升型
U0106,2026-08-23,complete_task,兴趣提升型
U0106,2026-08-23,open_app,兴趣提升型
U0106,2026-08-23,start_learning,兴趣提升型
U0107,2026-08-16,complete_task,职场提升型
U0107,2026-08-16,register,职场提升型
U0107,2026-08-16,start_learning,职场提升型
U0108,2026-08-14,complete_task,四六级冲刺型
U0108,2026-08-14,register,四六级冲刺型
U0108,2026-08-14,start_learning,四六级冲刺型
U0108,2026-08-26,churn_flag,四六级冲刺型
U0109,2026-08-10,register,兴趣提升型
U0110,2026-08-15,complete_task,雅思留学型
U0110,2026-08-15,register,雅思留学型
U0110,2026-08-15,start_learning,雅思留学型
U0111,2026-08-06,complete_task,托福留学型
U0111,2026-08-06,register,托福留学型
U0111,2026-08-06,start_learning,托福留学型
U0111,2026-08-07,complete_task,托福留学型
U0111,2026-08-07,open_app,托福留学型
U0111,2026-08-07,start_learning,托福留学型
U0111,2026-08-08,complete_task,托福留学型
U0111,2026-08-08,open_app,托福留学型
U0111,2026-08-09,complete_task,托福留学型
U0111,2026-08-09,open_app,托福留学型
U0111,2026-08-09,start_learning,托福留学型
U0111,2026-08-10,complete_task,托福留学型
U0111,2026-08-10,open_app,托福留学型
U0111,2026-08-10,start_learning,托福留学型
U0111,2026-08-13,open_app,托福留学型
U0111,2026-08-13,start_learning,托福留学型
U0112,2026-08-16,register,职业证书型
U0113,2026-08-12,complete_task,习惯打卡型
U0113,2026-08-12,register,习惯打卡型
U0113,2026-08-12,start_learning,习惯打卡型
U0113,2026-08-24,churn_flag,习惯打卡型
U0114,2026-08-10,complete_task,习惯打卡型
U0114,2026-08-10,register,习惯打卡型
U0114,2026-08-10,start_learning,习惯打卡型
U0114,2026-08-11,complete_task,习惯打卡型
U0114,2026-08-11,open_app,习惯打卡型
U0114,2026-08-11,start_learning,习惯打卡型
U0114,2026-08-12,complete_task,习惯打卡型
U0114,2026-08-12,open_app,习惯打卡型
U0114,2026-08-12,start_learning,习惯打卡型
U0114,2026-08-13,complete_task,习惯打卡型
U0114,2026-08-13,open_app,习惯打卡型
U0114,2026-08-13,start_learning,习惯打卡型
U0114,2026-08-15,complete_task,习惯打卡型
U0114,2026-08-15,open_app,习惯打卡型
U0114,2026-08-15,start_learning,习惯打卡型
U0114,2026-08-17,complete_task,习惯打卡型
U0114,2026-08-17,open_app,习惯打卡型
U0114,2026-08-17,start_learning,习惯打卡型
U0115,2026-08-11,complete_task,考研长期型
U0115,2026-08-11,register,考研长期型
U0115,2026-08-11,start_learning,考研长期型
U0115,2026-08-12,complete_task,考研长期型
U0115,2026-08-12,open_app,考研长期型
U0115,2026-08-12,start_learning,考研长期型
U0115,2026-08-13,open_app,考研长期型
U0115,2026-08-13,start_learning,考研长期型
U0115,2026-08-15,complete_task,考研长期型
U0115,2026-08-15,open_app,考研长期型
U0115,2026-08-15,start_learning,考研长期型
U0115,2026-08-16,open_app,考研长期型
U0115,2026-08-16,start_learning,考研长期型
U0115,2026-08-18,complete_task,考研长期型
U0115,2026-08-18,open_app,考研长期型
U0115,2026-08-18,start_learning,考研长期型
U0116,2026-08-12,register,兴趣提升型
U0117,2026-08-01,complete_task,兴趣提升型
U0117,2026-08-01,register,兴趣提升型
U0117,2026-08-01,start_learning,兴趣提升型
U0117,2026-08-09,churn_flag,兴趣提升型
U0117,2026-08-16,reactivate,兴趣提升型
U0117,2026-08-16,start_learning,兴趣提升型
U0118,2026-08-03,register,考研长期型
U0119,2026-08-05,complete_task,四六级冲刺型
U0119,2026-08-05,register,四六级冲刺型
U0119,2026-08-05,start_learning,四六级冲刺型
U0119,2026-08-06,complete_task,四六级冲刺型
U0119,2026-08-06,open_app,四六级冲刺型
U0119,2026-08-06,start_learning,四六级冲刺型
U0119,2026-08-07,complete_task,四六级冲刺型
U0119,2026-08-07,open_app,四六级冲刺型
U0119,2026-08-07,start_learning,四六级冲刺型
U0119,2026-08-11,open_app,四六级冲刺型
U0119,2026-08-11,start_learning,四六级冲刺型
U0119,2026-08-12,complete_task,四六级冲刺型
U0119,2026-08-12,open_app,四六级冲刺型
U0119,2026-08-12,start_learning,四六级冲刺型
U0120,2026-08-03,register,四六级冲刺型
U0121,2026-08-09,complete_task,兴趣提升型
U0121,2026-08-09,register,兴趣提升型
U0121,2026-08-09,start_learning,兴趣提升型
U0121,2026-08-10,complete_task,兴趣提升型
U0121,2026-08-10,open_app,兴趣提升型
U0121,2026-08-10,start_learning,兴趣提升型
U0121,2026-08-11,complete_task,兴趣提升型
U0121,2026-08-11,open_app,兴趣提升型
U0121,2026-08-11,start_learning,兴趣提升型
U0121,2026-08-13,open_app,兴趣提升型
U0121,2026-08-14,complete_task,兴趣提升型
U0121,2026-08-14,open_app,兴趣提升型
U0121,2026-08-14,start_learning,兴趣提升型
U0121,2026-08-15,open_app,兴趣提升型
U0121,2026-08-15,start_learning,兴趣提升型
U0122,2026-08-14,register,雅思留学型
U0123,2026-08-14,register,习惯打卡型
U0124,2026-08-10,register,雅思留学型
U0124,2026-08-10,start_learning,雅思留学型
U0124,2026-08-11,complete_task,雅思留学型
U0124,2026-08-11,open_app,雅思留学型
U0124,2026-08-11,start_learning,雅思留学型
U0124,2026-08-12,complete_task,雅思留学型
U0124,2026-08-12,open_app,雅思留学型
U0124,2026-08-12,start_learning,雅思留学型
U0124,2026-08-13,open_app,雅思留学型
U0124,2026-08-13,start_learning,雅思留学型
U0124,2026-08-16,complete_task,雅思留学型
U0124,2026-08-16,open_app,雅思留学型
U0124,2026-08-16,start_learning,雅思留学型
U0125,2026-08-18,complete_task,习惯打卡型
U0125,2026-08-18,register,习惯打卡型
U0125,2026-08-18,start_learning,习惯打卡型
U0125,2026-08-19,complete_task,习惯打卡型
U0125,2026-08-19,open_app,习惯打卡型
U0126,2026-08-12,register,雅思留学型
U0127,2026-08-02,register,兴趣提升型
U0128,2026-08-16,register,四六级冲刺型
U0128,2026-08-16,start_learning,四六级冲刺型
U0128,2026-08-17,complete_task,四六级冲刺型
U0128,2026-08-17,open_app,四六级冲刺型
U0128,2026-08-17,start_learning,四六级冲刺型
U0128,2026-08-18,complete_task,四六级冲刺型
U0128,2026-08-18,open_app,四六级冲刺型
U0128,2026-08-19,complete_task,四六级冲刺型
U0128,2026-08-19,open_app,四六级冲刺型
U0128,2026-08-19,start_learning,四六级冲刺型
U0128,2026-08-22,complete_task,四六级冲刺型
U0128,2026-08-22,open_app,四六级冲刺型
U0128,2026-08-22,start_learning,四六级冲刺型
U0129,2026-08-12,complete_task,托福留学型
U0129,2026-08-12,register,托福留学型
U0129,2026-08-12,start_learning,托福留学型
U0129,2026-08-13,complete_task,托福留学型
U0129,2026-08-13,open_app,托福留学型
U0129,2026-08-13,start_learning,托福留学型
U0129,2026-08-16,open_app,托福留学型
U0129,2026-08-17,complete_task,托福留学型
U0129,2026-08-17,open_app,托福留学型
U0129,2026-08-17,start_learning,托福留学型
U0129,2026-08-19,open_app,托福留学型
U0129,2026-08-19,start_learning,托福留学型
U0130,2026-08-13,register,职场提升型
U0130,2026-08-13,start_learning,职场提升型
U0130,2026-08-14,open_app,职场提升型
U0130,2026-08-16,complete_task,职场提升型
U0130,2026-08-16,open_app,职场提升型
U0130,2026-08-17,open_app,职场提升型
U0130,2026-08-19,open_app,职场提升型
U0130,2026-08-20,open_app,职场提升型
U0130,2026-08-20,start_learning,职场提升型
U0131,2026-08-12,complete_task,习惯打卡型
U0131,2026-08-12,register,习惯打卡型
U0131,2026-08-12,start_learning,习惯打卡型
U0131,2026-08-25,churn_flag,习惯打卡型
U0132,2026-08-12,complete_task,职场提升型
U0132,2026-08-12,register,职场提升型
U0132,2026-08-12,start_learning,职场提升型
U0132,2026-08-19,complete_task,职场提升型
U0132,2026-08-19,open_app,职场提升型
U0132,2026-08-19,start_learning,职场提升型
U0133,2026-08-02,register,四六级冲刺型
U0134,2026-08-12,complete_task,考研长期型
U0134,2026-08-12,register,考研长期型
U0134,2026-08-12,start_learning,考研长期型
U0134,2026-08-13,open_app,考研长期型
U0134,2026-08-13,start_learning,考研长期型
U0134,2026-08-14,open_app,考研长期型
U0134,2026-08-14,start_learning,考研长期型
U0134,2026-08-15,complete_task,考研长期型
U0134,2026-08-15,open_app,考研长期型
U0134,2026-08-15,start_learning,考研长期型
U0134,2026-08-16,complete_task,考研长期型
U0134,2026-08-16,open_app,考研长期型
U0134,2026-08-16,start_learning,考研长期型
U0134,2026-08-17,open_app,考研长期型
U0134,2026-08-17,start_learning,考研长期型
U0134,2026-08-19,open_app,考研长期型
U0134,2026-08-19,start_learning,考研长期型
U0134,2026-08-20,churn_flag,考研长期型
U0135,2026-08-16,complete_task,四六级冲刺型
U0135,2026-08-16,register,四六级冲刺型
U0135,2026-08-16,start_learning,四六级冲刺型
U0135,2026-08-17,complete_task,四六级冲刺型
U0135,2026-08-17,open_app,四六级冲刺型
U0135,2026-08-17,start_learning,四六级冲刺型
U0135,2026-08-18,open_app,四六级冲刺型
U0135,2026-08-18,start_learning,四六级冲刺型
U0135,2026-08-20,open_app,四六级冲刺型
U0136,2026-08-07,register,四六级冲刺型
U0136,2026-08-07,start_learning,四六级冲刺型
U0136,2026-08-08,complete_task,四六级冲刺型
U0136,2026-08-08,open_app,四六级冲刺型
U0136,2026-08-08,start_learning,四六级冲刺型
U0136,2026-08-10,open_app,四六级冲刺型
U0136,2026-08-10,start_learning,四六级冲刺型
U0136,2026-08-12,open_app,四六级冲刺型
U0136,2026-08-12,start_learning,四六级冲刺型
U0136,2026-08-13,complete_task,四六级冲刺型
U0136,2026-08-13,open_app,四六级冲刺型
U0136,2026-08-13,start_learning,四六级冲刺型
U0137,2026-08-13,complete_task,职业证书型
U0137,2026-08-13,register,职业证书型
U0137,2026-08-13,start_learning,职业证书型
U0137,2026-08-14,open_app,职业证书型
U0137,2026-08-14,start_learning,职业证书型
U0137,2026-08-15,open_app,职业证书型
U0137,2026-08-15,start_learning,职业证书型
U0137,2026-08-19,complete_task,职业证书型
U0137,2026-08-19,open_app,职业证书型
U0138,2026-08-01,register,兴趣提升型
U0139,2026-08-07,complete_task,兴趣提升型
U0139,2026-08-07,register,兴趣提升型
U0139,2026-08-07,start_learning,兴趣提升型
U0139,2026-08-08,open_app,兴趣提升型
U0139,2026-08-08,start_learning,兴趣提升型
U0139,2026-08-10,open_app,兴趣提升型
U0139,2026-08-10,start_learning,兴趣提升型
U0139,2026-08-11,complete_task,兴趣提升型
U0139,2026-08-11,open_app,兴趣提升型
U0139,2026-08-11,start_learning,兴趣提升型
U0139,2026-08-13,complete_task,兴趣提升型
U0139,2026-08-13,open_app,兴趣提升型
U0139,2026-08-13,start_learning,兴趣提升型
U0140,2026-08-09,complete_task,职场提升型
U0140,2026-08-09,register,职场提升型
U0140,2026-08-09,start_learning,职场提升型
U0140,2026-08-10,complete_task,职场提升型
U0140,2026-08-10,open_app,职场提升型
U0140,2026-08-10,start_learning,职场提升型
U0140,2026-08-11,complete_task,职场提升型
U0140,2026-08-11,open_app,职场提升型
U0140,2026-08-13,open_app,职场提升型
U0140,2026-08-15,open_app,职场提升型
U0140,2026-08-15,start_learning,职场提升型
U0141,2026-08-20,complete_task,兴趣提升型
U0141,2026-08-20,register,兴趣提升型
U0141,2026-08-20,start_learning,兴趣提升型
U0142,2026-08-05,complete_task,职场提升型
U0142,2026-08-05,register,职场提升型
U0142,2026-08-05,start_learning,职场提升型
U0142,2026-08-06,open_app,职场提升型
U0142,2026-08-06,start_learning,职场提升型
U0142,2026-08-07,complete_task,职场提升型
U0142,2026-08-07,open_app,职场提升型
U0142,2026-08-07,start_learning,职场提升型
U0142,2026-08-08,complete_task,职场提升型
U0142,2026-08-08,open_app,职场提升型
U0142,2026-08-08,start_learning,职场提升型
U0142,2026-08-09,complete_task,职场提升型
U0142,2026-08-09,open_app,职场提升型
U0142,2026-08-09,start_learning,职场提升型
U0142,2026-08-10,open_app,职场提升型
U0142,2026-08-10,start_learning,职场提升型
U0142,2026-08-11,open_app,职场提升型
U0142,2026-08-11,start_learning,职场提升型
U0143,2026-08-06,register,四六级冲刺型
U0144,2026-08-09,complete_task,考研长期型
U0144,2026-08-09,register,考研长期型
U0144,2026-08-09,start_learning,考研长期型
U0144,2026-08-10,complete_task,考研长期型
U0144,2026-08-10,open_app,考研长期型
U0144,2026-08-10,start_learning,考研长期型
U0144,2026-08-11,complete_task,考研长期型
U0144,2026-08-11,open_app,考研长期型
U0144,2026-08-11,start_learning,考研长期型
U0144,2026-08-14,complete_task,考研长期型
U0144,2026-08-14,open_app,考研长期型
U0144,2026-08-14,start_learning,考研长期型
U0144,2026-08-15,complete_task,考研长期型
U0144,2026-08-15,open_app,考研长期型
U0144,2026-08-15,start_learning,考研长期型
U0144,2026-08-16,complete_task,考研长期型
U0144,2026-08-16,open_app,考研长期型
U0144,2026-08-16,start_learning,考研长期型
U0145,2026-08-20,complete_task,职业证书型
U0145,2026-08-20,register,职业证书型
U0145,2026-08-20,start_learning,职业证书型
U0145,2026-08-21,complete_task,职业证书型
U0145,2026-08-21,open_app,职业证书型
U0145,2026-08-21,start_learning,职业证书型
U0145,2026-08-22,complete_task,职业证书型
U0145,2026-08-22,open_app,职业证书型
U0145,2026-08-22,start_learning,职业证书型
U0145,2026-08-23,complete_task,职业证书型
U0145,2026-08-23,open_app,职业证书型
U0145,2026-08-24,open_app,职业证书型
U0145,2026-08-24,start_learning,职业证书型
U0145,2026-08-30,churn_flag,职业证书型
U0145,2026-09-06,reactivate,职业证书型
U0145,2026-09-06,start_learning,职业证书型
U0146,2026-08-18,complete_task,职场提升型
U0146,2026-08-18,register,职场提升型
U0146,2026-08-18,start_learning,职场提升型
U0146,2026-08-19,complete_task,职场提升型
U0146,2026-08-19,open_app,职场提升型
U0146,2026-08-21,open_app,职场提升型
U0146,2026-08-21,start_learning,职场提升型
U0146,2026-08-22,complete_task,职场提升型
U0146,2026-08-22,open_app,职场提升型
U0146,2026-08-24,open_app,职场提升型
U0146,2026-08-24,start_learning,职场提升型
U0146,2026-08-25,complete_task,职场提升型
U0146,2026-08-25,open_app,职场提升型
U0146,2026-08-25,start_learning,职场提升型
U0147,2026-08-01,register,四六级冲刺型
U0148,2026-08-05,complete_task,雅思留学型
U0148,2026-08-05,register,雅思留学型
U0148,2026-08-05,start_learning,雅思留学型
U0148,2026-08-12,complete_task,雅思留学型
U0148,2026-08-12,open_app,雅思留学型
U0148,2026-08-12,start_learning,雅思留学型
U0149,2026-08-17,complete_task,职业证书型
U0149,2026-08-17,register,职业证书型
U0149,2026-08-17,start_learning,职业证书型
U0150,2026-08-02,complete_task,四六级冲刺型
U0150,2026-08-02,register,四六级冲刺型
U0150,2026-08-02,start_learning,四六级冲刺型
U0150,2026-08-03,open_app,四六级冲刺型
U0150,2026-08-03,start_learning,四六级冲刺型
U0150,2026-08-05,complete_task,四六级冲刺型
U0150,2026-08-05,open_app,四六级冲刺型
U0150,2026-08-05,start_learning,四六级冲刺型
U0150,2026-08-06,open_app,四六级冲刺型
U0150,2026-08-06,start_learning,四六级冲刺型
U0150,2026-08-07,complete_task,四六级冲刺型
U0150,2026-08-07,open_app,四六级冲刺型
U0150,2026-08-08,complete_task,四六级冲刺型
U0150,2026-08-08,open_app,四六级冲刺型
U0150,2026-08-08,start_learning,四六级冲刺型
U0151,2026-08-18,register,雅思留学型
U0152,2026-08-06,complete_task,职场提升型
U0152,2026-08-06,register,职场提升型
U0152,2026-08-06,start_learning,职场提升型
U0152,2026-08-07,complete_task,职场提升型
U0152,2026-08-07,open_app,职场提升型
U0152,2026-08-08,complete_task,职场提升型
U0152,2026-08-08,open_app,职场提升型
U0152,2026-08-08,start_learning,职场提升型
U0152,2026-08-09,open_app,职场提升型
U0152,2026-08-11,complete_task,职场提升型
U0152,2026-08-11,open_app,职场提升型
U0152,2026-08-11,start_learning,职场提升型
U0152,2026-08-13,complete_task,职场提升型
U0152,2026-08-13,open_app,职场提升型
U0152,2026-08-13,start_learning,职场提升型
U0153,2026-08-19,complete_task,职业证书型
U0153,2026-08-19,register,职业证书型
U0153,2026-08-19,start_learning,职业证书型
U0154,2026-08-06,complete_task,考研长期型
U0154,2026-08-06,register,考研长期型
U0154,2026-08-06,start_learning,考研长期型
U0155,2026-08-09,register,职场提升型
U0156,2026-08-14,complete_task,考研长期型
U0156,2026-08-14,register,考研长期型
U0156,2026-08-14,start_learning,考研长期型
U0156,2026-08-15,complete_task,考研长期型
U0156,2026-08-15,open_app,考研长期型
U0156,2026-08-15,start_learning,考研长期型
U0156,2026-08-16,complete_task,考研长期型
U0156,2026-08-16,open_app,考研长期型
U0156,2026-08-16,start_learning,考研长期型
U0156,2026-08-17,open_app,考研长期型
U0156,2026-08-17,start_learning,考研长期型
U0156,2026-08-19,complete_task,考研长期型
U0156,2026-08-19,open_app,考研长期型
U0156,2026-08-19,start_learning,考研长期型
U0156,2026-08-20,complete_task,考研长期型
U0156,2026-08-20,open_app,考研长期型
U0156,2026-08-20,start_learning,考研长期型
U0156,2026-08-26,churn_flag,考研长期型
U0157,2026-08-03,complete_task,职场提升型
U0157,2026-08-03,register,职场提升型
U0157,2026-08-03,start_learning,职场提升型
U0157,2026-08-04,complete_task,职场提升型
U0157,2026-08-04,open_app,职场提升型
U0157,2026-08-04,start_learning,职场提升型
U0157,2026-08-05,open_app,职场提升型
U0157,2026-08-05,start_learning,职场提升型
U0157,2026-08-06,open_app,职场提升型
U0157,2026-08-08,open_app,职场提升型
U0157,2026-08-08,start_learning,职场提升型
U0157,2026-08-09,complete_task,职场提升型
U0157,2026-08-09,open_app,职场提升型
U0157,2026-08-09,start_learning,职场提升型
U0157,2026-08-10,open_app,职场提升型
U0157,2026-08-10,start_learning,职场提升型
U0158,2026-08-12,complete_task,考研长期型
U0158,2026-08-12,register,考研长期型
U0158,2026-08-12,start_learning,考研长期型
U0158,2026-08-13,open_app,考研长期型
U0158,2026-08-13,start_learning,考研长期型
U0158,2026-08-15,complete_task,考研长期型
U0158,2026-08-15,open_app,考研长期型
U0158,2026-08-15,start_learning,考研长期型
U0158,2026-08-16,open_app,考研长期型
U0158,2026-08-16,start_learning,考研长期型
U0158,2026-08-19,complete_task,考研长期型
U0158,2026-08-19,open_app,考研长期型
U0158,2026-08-19,start_learning,考研长期型
U0159,2026-08-11,register,托福留学型
U0159,2026-08-11,start_learning,托福留学型
U0160,2026-08-16,register,考研长期型
U0161,2026-08-20,complete_task,考研长期型
U0161,2026-08-20,register,考研长期型
U0161,2026-08-20,start_learning,考研长期型
U0162,2026-08-14,complete_task,职场提升型
U0162,2026-08-14,register,职场提升型
U0162,2026-08-14,start_learning,职场提升型
U0163,2026-08-09,complete_task,四六级冲刺型
U0163,2026-08-09,register,四六级冲刺型
U0163,2026-08-09,start_learning,四六级冲刺型
U0163,2026-08-10,complete_task,四六级冲刺型
U0163,2026-08-10,open_app,四六级冲刺型
U0163,2026-08-10,start_learning,四六级冲刺型
U0163,2026-08-11,open_app,四六级冲刺型
U0163,2026-08-11,start_learning,四六级冲刺型
U0163,2026-08-12,complete_task,四六级冲刺型
U0163,2026-08-12,open_app,四六级冲刺型
U0163,2026-08-12,start_learning,四六级冲刺型
U0163,2026-08-13,complete_task,四六级冲刺型
U0163,2026-08-13,open_app,四六级冲刺型
U0163,2026-08-13,start_learning,四六级冲刺型
U0163,2026-08-14,open_app,四六级冲刺型
U0164,2026-08-09,complete_task,四六级冲刺型
U0164,2026-08-09,register,四六级冲刺型
U0164,2026-08-09,start_learning,四六级冲刺型
U0164,2026-08-10,complete_task,四六级冲刺型
U0164,2026-08-10,open_app,四六级冲刺型
U0164,2026-08-10,start_learning,四六级冲刺型
U0164,2026-08-11,open_app,四六级冲刺型
U0164,2026-08-11,start_learning,四六级冲刺型
U0164,2026-08-13,complete_task,四六级冲刺型
U0164,2026-08-13,open_app,四六级冲刺型
U0164,2026-08-13,start_learning,四六级冲刺型
U0165,2026-08-09,register,考研长期型
U0166,2026-08-17,register,兴趣提升型
U0167,2026-08-07,complete_task,职场提升型
U0167,2026-08-07,register,职场提升型
U0167,2026-08-07,start_learning,职场提升型
U0167,2026-08-08,complete_task,职场提升型
U0167,2026-08-08,open_app,职场提升型
U0167,2026-08-08,start_learning,职场提升型
U0167,2026-08-09,complete_task,职场提升型
U0167,2026-08-09,open_app,职场提升型
U0167,2026-08-14,complete_task,职场提升型
U0167,2026-08-14,open_app,职场提升型
U0167,2026-08-14,start_learning,职场提升型
U0168,2026-08-04,register,习惯打卡型
U0169,2026-08-07,complete_task,考研长期型
U0169,2026-08-07,register,考研长期型
U0169,2026-08-07,start_learning,考研长期型
U0170,2026-08-01,complete_task,雅思留学型
U0170,2026-08-01,register,雅思留学型
U0170,2026-08-01,start_learning,雅思留学型
U0170,2026-08-14,churn_flag,雅思留学型
U0170,2026-08-21,reactivate,雅思留学型
U0170,2026-08-21,start_learning,雅思留学型
U0171,2026-08-03,complete_task,四六级冲刺型
U0171,2026-08-03,register,四六级冲刺型
U0171,2026-08-03,start_learning,四六级冲刺型
U0171,2026-08-04,complete_task,四六级冲刺型
U0171,2026-08-04,open_app,四六级冲刺型
U0171,2026-08-04,start_learning,四六级冲刺型
U0171,2026-08-05,open_app,四六级冲刺型
U0171,2026-08-05,start_learning,四六级冲刺型
U0171,2026-08-06,complete_task,四六级冲刺型
U0171,2026-08-06,open_app,四六级冲刺型
U0171,2026-08-07,open_app,四六级冲刺型
U0171,2026-08-07,start_learning,四六级冲刺型
U0171,2026-08-09,complete_task,四六级冲刺型
U0171,2026-08-09,open_app,四六级冲刺型
U0171,2026-08-09,start_learning,四六级冲刺型
U0171,2026-08-10,complete_task,四六级冲刺型
U0171,2026-08-10,open_app,四六级冲刺型
U0171,2026-08-10,start_learning,四六级冲刺型
U0172,2026-08-02,register,托福留学型
U0172,2026-08-02,start_learning,托福留学型
U0173,2026-08-16,register,习惯打卡型
U0174,2026-08-15,complete_task,兴趣提升型
U0174,2026-08-15,register,兴趣提升型
U0174,2026-08-15,start_learning,兴趣提升型
U0174,2026-08-16,complete_task,兴趣提升型
U0174,2026-08-16,open_app,兴趣提升型
U0174,2026-08-16,start_learning,兴趣提升型
U0174,2026-08-17,complete_task,兴趣提升型
U0174,2026-08-17,open_app,兴趣提升型
U0174,2026-08-17,start_learning,兴趣提升型
U0174,2026-08-18,complete_task,兴趣提升型
U0174,2026-08-18,open_app,兴趣提升型
U0174,2026-08-21,open_app,兴趣提升型
U0174,2026-08-21,start_learning,兴趣提升型
U0174,2026-08-25,churn_flag,兴趣提升型
U0174,2026-08-30,reactivate,兴趣提升型
U0174,2026-08-30,start_learning,兴趣提升型
U0175,2026-08-14,register,托福留学型
U0175,2026-08-14,start_learning,托福留学型
U0176,2026-08-10,complete_task,考研长期型
U0176,2026-08-10,register,考研长期型
U0176,2026-08-10,start_learning,考研长期型
U0176,2026-08-18,churn_flag,考研长期型
U0177,2026-08-15,register,习惯打卡型
U0178,2026-08-04,complete_task,雅思留学型
U0178,2026-08-04,register,雅思留学型
U0178,2026-08-04,start_learning,雅思留学型
U0178,2026-08-05,complete_task,雅思留学型
U0178,2026-08-05,open_app,雅思留学型
U0178,2026-08-05,start_learning,雅思留学型
U0178,2026-08-08,complete_task,雅思留学型
U0178,2026-08-08,open_app,雅思留学型
U0178,2026-08-08,start_learning,雅思留学型
U0178,2026-08-09,open_app,雅思留学型
U0178,2026-08-09,start_learning,雅思留学型
U0178,2026-08-11,complete_task,雅思留学型
U0178,2026-08-11,open_app,雅思留学型
U0178,2026-08-11,start_learning,雅思留学型
U0178,2026-08-15,churn_flag,雅思留学型
U0179,2026-08-19,register,四六级冲刺型
U0180,2026-08-11,register,考研长期型
U0181,2026-08-19,register,四六级冲刺型
U0182,2026-08-04,register,四六级冲刺型
U0182,2026-08-04,start_learning,四六级冲刺型
U0182,2026-08-05,complete_task,四六级冲刺型
U0182,2026-08-05,open_app,四六级冲刺型
U0182,2026-08-05,start_learning,四六级冲刺型
U0182,2026-08-06,complete_task,四六级冲刺型
U0182,2026-08-06,open_app,四六级冲刺型
U0182,2026-08-06,start_learning,四六级冲刺型
U0182,2026-08-10,complete_task,四六级冲刺型
U0182,2026-08-10,open_app,四六级冲刺型
U0182,2026-08-10,start_learning,四六级冲刺型
U0182,2026-08-11,complete_task,四六级冲刺型
U0182,2026-08-11,open_app,四六级冲刺型
U0182,2026-08-11,start_learning,四六级冲刺型
U0183,2026-08-10,complete_task,四六级冲刺型
U0183,2026-08-10,register,四六级冲刺型
U0183,2026-08-10,start_learning,四六级冲刺型
U0183,2026-08-19,churn_flag,四六级冲刺型
U0184,2026-08-14,complete_task,雅思留学型
U0184,2026-08-14,register,雅思留学型
U0184,2026-08-14,start_learning,雅思留学型
U0185,2026-08-10,complete_task,职业证书型
U0185,2026-08-10,register,职业证书型
U0185,2026-08-10,start_learning,职业证书型
U0185,2026-08-11,complete_task,职业证书型
U0185,2026-08-11,open_app,职业证书型
U0185,2026-08-11,start_learning,职业证书型
U0185,2026-08-13,complete_task,职业证书型
U0185,2026-08-13,open_app,职业证书型
U0185,2026-08-13,start_learning,职业证书型
U0185,2026-08-17,complete_task,职业证书型
U0185,2026-08-17,open_app,职业证书型
U0185,2026-08-17,start_learning,职业证书型
U0186,2026-08-09,complete_task,考研长期型
U0186,2026-08-09,register,考研长期型
U0186,2026-08-09,start_learning,考研长期型
U0187,2026-08-04,complete_task,雅思留学型
U0187,2026-08-04,register,雅思留学型
U0187,2026-08-04,start_learning,雅思留学型
U0187,2026-08-05,open_app,雅思留学型
U0187,2026-08-05,start_learning,雅思留学型
U0187,2026-08-06,complete_task,雅思留学型
U0187,2026-08-06,open_app,雅思留学型
U0187,2026-08-06,start_learning,雅思留学型
U0187,2026-08-07,open_app,雅思留学型
U0187,2026-08-07,start_learning,雅思留学型
U0187,2026-08-08,complete_task,雅思留学型
U0187,2026-08-08,open_app,雅思留学型
U0187,2026-08-08,start_learning,雅思留学型
U0187,2026-08-09,open_app,雅思留学型
U0187,2026-08-09,start_learning,雅思留学型
U0187,2026-08-11,open_app,雅思留学型
U0187,2026-08-11,start_learning,雅思留学型
U0188,2026-08-08,complete_task,习惯打卡型
U0188,2026-08-08,register,习惯打卡型
U0188,2026-08-08,start_learning,习惯打卡型
U0189,2026-08-05,complete_task,兴趣提升型
U0189,2026-08-05,register,兴趣提升型
U0189,2026-08-05,start_learning,兴趣提升型
U0189,2026-08-06,complete_task,兴趣提升型
U0189,2026-08-06,open_app,兴趣提升型
U0189,2026-08-06,start_learning,兴趣提升型
U0189,2026-08-07,complete_task,兴趣提升型
U0189,2026-08-07,open_app,兴趣提升型
U0189,2026-08-07,start_learning,兴趣提升型
U0189,2026-08-10,complete_task,兴趣提升型
U0189,2026-08-10,open_app,兴趣提升型
U0189,2026-08-10,start_learning,兴趣提升型
U0189,2026-08-11,complete_task,兴趣提升型
U0189,2026-08-11,open_app,兴趣提升型
U0189,2026-08-11,start_learning,兴趣提升型
U0189,2026-08-12,complete_task,兴趣提升型
U0189,2026-08-12,open_app,兴趣提升型
U0189,2026-08-12,start_learning,兴趣提升型
U0190,2026-08-07,register,托福留学型
U0191,2026-08-14,complete_task,考研长期型
U0191,2026-08-14,register,考研长期型
U0191,2026-08-14,start_learning,考研长期型
U0191,2026-08-15,complete_task,考研长期型
U0191,2026-08-15,open_app,考研长期型
U0191,2026-08-16,open_app,考研长期型
U0191,2026-08-17,complete_task,考研长期型
U0191,2026-08-17,open_app,考研长期型
U0191,2026-08-17,start_learning,考研长期型
U0191,2026-08-19,open_app,考研长期型
U0192,2026-08-13,complete_task,职场提升型
U0192,2026-08-13,register,职场提升型
U0192,2026-08-13,start_learning,职场提升型
U0192,2026-08-14,complete_task,职场提升型
U0192,2026-08-14,open_app,职场提升型
U0192,2026-08-14,start_learning,职场提升型
U0192,2026-08-15,open_app,职场提升型
U0192,2026-08-15,start_learning,职场提升型
U0192,2026-08-19,complete_task,职场提升型
U0192,2026-08-19,open_app,职场提升型
U0192,2026-08-20,open_app,职场提升型
U0192,2026-08-20,start_learning,职场提升型
U0193,2026-08-13,complete_task,考研长期型
U0193,2026-08-13,register,考研长期型
U0193,2026-08-13,start_learning,考研长期型
U0193,2026-08-14,complete_task,考研长期型
U0193,2026-08-14,open_app,考研长期型
U0193,2026-08-14,start_learning,考研长期型
U0193,2026-08-16,complete_task,考研长期型
U0193,2026-08-16,open_app,考研长期型
U0193,2026-08-16,start_learning,考研长期型
U0193,2026-08-18,complete_task,考研长期型
U0193,2026-08-18,open_app,考研长期型
U0193,2026-08-18,start_learning,考研长期型
U0194,2026-08-08,register,考研长期型
U0195,2026-08-20,complete_task,习惯打卡型
U0195,2026-08-20,register,习惯打卡型
U0195,2026-08-20,start_learning,习惯打卡型
U0195,2026-08-21,complete_task,习惯打卡型
U0195,2026-08-21,open_app,习惯打卡型
U0195,2026-08-21,start_learning,习惯打卡型
U0195,2026-08-22,complete_task,习惯打卡型
U0195,2026-08-22,open_app,习惯打卡型
U0195,2026-08-22,start_learning,习惯打卡型
U0195,2026-08-23,open_app,习惯打卡型
U0195,2026-08-23,start_learning,习惯打卡型
U0195,2026-08-24,open_app,习惯打卡型
U0195,2026-08-24,start_learning,习惯打卡型
U0195,2026-08-26,open_app,习惯打卡型
U0195,2026-08-26,start_learning,习惯打卡型
U0195,2026-08-30,churn_flag,习惯打卡型
U0196,2026-08-02,register,托福留学型
U0196,2026-08-02,start_learning,托福留学型
U0196,2026-08-03,complete_task,托福留学型
U0196,2026-08-03,open_app,托福留学型
U0196,2026-08-03,start_learning,托福留学型
U0196,2026-08-04,complete_task,托福留学型
U0196,2026-08-04,open_app,托福留学型
U0196,2026-08-06,open_app,托福留学型
U0196,2026-08-08,complete_task,托福留学型
U0196,2026-08-08,open_app,托福留学型
U0196,2026-08-08,start_learning,托福留学型
U0197,2026-08-07,complete_task,兴趣提升型
U0197,2026-08-07,register,兴趣提升型
U0197,2026-08-07,start_learning,兴趣提升型
U0197,2026-08-18,churn_flag,兴趣提升型
U0198,2026-08-03,register,托福留学型
U0199,2026-08-07,complete_task,职业证书型
U0199,2026-08-07,register,职业证书型
U0199,2026-08-07,start_learning,职业证书型
U0199,2026-08-18,churn_flag,职业证书型
U0200,2026-08-20,register,考研长期型
U0201,2026-08-08,register,考研长期型
U0202,2026-08-19,register,考研长期型
U0203,2026-08-10,complete_task,四六级冲刺型
U0203,2026-08-10,register,四六级冲刺型
U0203,2026-08-10,start_learning,四六级冲刺型
U0203,2026-08-11,open_app,四六级冲刺型
U0203,2026-08-11,start_learning,四六级冲刺型
U0203,2026-08-12,complete_task,四六级冲刺型
U0203,2026-08-12,open_app,四六级冲刺型
U0203,2026-08-12,start_learning,四六级冲刺型
U0203,2026-08-13,open_app,四六级冲刺型
U0203,2026-08-13,start_learning,四六级冲刺型
U0203,2026-08-15,open_app,四六级冲刺型
U0203,2026-08-16,complete_task,四六级冲刺型
U0203,2026-08-16,open_app,四六级冲刺型
U0203,2026-08-16,start_learning,四六级冲刺型
U0203,2026-08-17,complete_task,四六级冲刺型
U0203,2026-08-17,open_app,四六级冲刺型
U0203,2026-08-17,start_learning,四六级冲刺型
U0203,2026-08-23,churn_flag,四六级冲刺型
U0204,2026-08-14,register,职场提升型
U0205,2026-08-10,register,考研长期型
U0206,2026-08-06,complete_task,托福留学型
U0206,2026-08-06,register,托福留学型
U0206,2026-08-06,start_learning,托福留学型
U0206,2026-08-15,churn_flag,托福留学型
U0206,2026-08-20,reactivate,托福留学型
U0206,2026-08-20,start_learning,托福留学型
U0207,2026-08-16,complete_task,兴趣提升型
U0207,2026-08-16,register,兴趣提升型
U0207,2026-08-16,start_learning,兴趣提升型
U0207,2026-08-17,complete_task,兴趣提升型
U0207,2026-08-17,open_app,兴趣提升型
U0207,2026-08-17,start_learning,兴趣提升型
U0207,2026-08-18,open_app,兴趣提升型
U0207,2026-08-18,start_learning,兴趣提升型
U0207,2026-08-19,open_app,兴趣提升型
U0207,2026-08-19,start_learning,兴趣提升型
U0207,2026-08-20,open_app,兴趣提升型
U0207,2026-08-22,open_app,兴趣提升型
U0207,2026-08-22,start_learning,兴趣提升型
U0208,2026-08-20,register,兴趣提升型
U0209,2026-08-06,complete_task,雅思留学型
U0209,2026-08-06,register,雅思留学型
U0209,2026-08-06,start_learning,雅思留学型
U0209,2026-08-07,complete_task,雅思留学型
U0209,2026-08-07,open_app,雅思留学型
U0209,2026-08-08,open_app,雅思留学型
U0209,2026-08-08,start_learning,雅思留学型
U0209,2026-08-10,open_app,雅思留学型
U0209,2026-08-10,start_learning,雅思留学型
U0209,2026-08-11,complete_task,雅思留学型
U0209,2026-08-11,open_app,雅思留学型
U0209,2026-08-11,start_learning,雅思留学型
U0209,2026-08-12,complete_task,雅思留学型
U0209,2026-08-12,open_app,雅思留学型
U0209,2026-08-12,start_learning,雅思留学型
U0210,2026-08-16,register,雅思留学型
U0211,2026-08-06,complete_task,习惯打卡型
U0211,2026-08-06,register,习惯打卡型
U0211,2026-08-06,start_learning,习惯打卡型
U0212,2026-08-15,complete_task,职业证书型
U0212,2026-08-15,register,职业证书型
U0212,2026-08-15,start_learning,职业证书型
U0212,2026-08-27,churn_flag,职业证书型
U0213,2026-08-16,register,职场提升型
U0213,2026-08-16,start_learning,职场提升型
U0213,2026-08-17,open_app,职场提升型
U0213,2026-08-17,start_learning,职场提升型
U0213,2026-08-20,complete_task,职场提升型
U0213,2026-08-20,open_app,职场提升型
U0213,2026-08-22,open_app,职场提升型
U0213,2026-08-22,start_learning,职场提升型
U0214,2026-08-09,register,习惯打卡型
U0215,2026-08-15,complete_task,兴趣提升型
U0215,2026-08-15,register,兴趣提升型
U0215,2026-08-15,start_learning,兴趣提升型
U0216,2026-08-06,register,四六级冲刺型
U0217,2026-08-02,register,托福留学型
U0218,2026-08-02,register,四六级冲刺型
U0219,2026-08-09,complete_task,职业证书型
U0219,2026-08-09,register,职业证书型
U0219,2026-08-09,start_learning,职业证书型
U0219,2026-08-10,complete_task,职业证书型
U0219,2026-08-10,open_app,职业证书型
U0219,2026-08-10,start_learning,职业证书型
U0219,2026-08-12,complete_task,职业证书型
U0219,2026-08-12,open_app,职业证书型
U0219,2026-08-12,start_learning,职业证书型
U0219,2026-08-13,complete_task,职业证书型
U0219,2026-08-13,open_app,职业证书型
U0219,2026-08-13,start_learning,职业证书型
U0219,2026-08-15,complete_task,职业证书型
U0219,2026-08-15,open_app,职业证书型
U0219,2026-08-15,start_learning,职业证书型
U0219,2026-08-16,complete_task,职业证书型
U0219,2026-08-16,open_app,职业证书型
U0219,2026-08-16,start_learning,职业证书型
U0220,2026-08-19,register,习惯打卡型
U0221,2026-08-03,complete_task,雅思留学型
U0221,2026-08-03,register,雅思留学型
U0221,2026-08-03,start_learning,雅思留学型
U0221,2026-08-04,open_app,雅思留学型
U0221,2026-08-04,start_learning,雅思留学型
U0221,2026-08-07,complete_task,雅思留学型
U0221,2026-08-07,open_app,雅思留学型
U0221,2026-08-07,start_learning,雅思留学型
U0221,2026-08-08,complete_task,雅思留学型
U0221,2026-08-08,open_app,雅思留学型
U0222,2026-08-10,complete_task,雅思留学型
U0222,2026-08-10,register,雅思留学型
U0222,2026-08-10,start_learning,雅思留学型
U0222,2026-08-11,complete_task,雅思留学型
U0222,2026-08-11,open_app,雅思留学型
U0222,2026-08-14,complete_task,雅思留学型
U0222,2026-08-14,open_app,雅思留学型
U0222,2026-08-14,start_learning,雅思留学型
U0222,2026-08-16,open_app,雅思留学型
U0223,2026-08-15,register,四六级冲刺型
U0224,2026-08-05,complete_task,习惯打卡型
U0224,2026-08-05,register,习惯打卡型
U0224,2026-08-05,start_learning,习惯打卡型
U0224,2026-08-06,complete_task,习惯打卡型
U0224,2026-08-06,open_app,习惯打卡型
U0224,2026-08-06,start_learning,习惯打卡型
U0224,2026-08-07,open_app,习惯打卡型
U0224,2026-08-07,start_learning,习惯打卡型
U0224,2026-08-08,complete_task,习惯打卡型
U0224,2026-08-08,open_app,习惯打卡型
U0224,2026-08-08,start_learning,习惯打卡型
U0224,2026-08-11,open_app,习惯打卡型
U0224,2026-08-11,start_learning,习惯打卡型
U0225,2026-08-15,complete_task,四六级冲刺型
U0225,2026-08-15,register,四六级冲刺型
U0225,2026-08-15,start_learning,四六级冲刺型
U0225,2026-08-16,complete_task,四六级冲刺型
U0225,2026-08-16,open_app,四六级冲刺型
U0225,2026-08-18,open_app,四六级冲刺型
U0225,2026-08-18,start_learning,四六级冲刺型
U0225,2026-08-22,complete_task,四六级冲刺型
U0225,2026-08-22,open_app,四六级冲刺型
U0225,2026-08-22,start_learning,四六级冲刺型
U0225,2026-08-26,churn_flag,四六级冲刺型
U0226,2026-08-07,register,四六级冲刺型
U0226,2026-08-07,start_learning,四六级冲刺型
U0226,2026-08-08,complete_task,四六级冲刺型
U0226,2026-08-08,open_app,四六级冲刺型
U0226,2026-08-08,start_learning,四六级冲刺型
U0226,2026-08-09,open_app,四六级冲刺型
U0226,2026-08-09,start_learning,四六级冲刺型
U0226,2026-08-10,open_app,四六级冲刺型
U0226,2026-08-10,start_learning,四六级冲刺型
U0226,2026-08-13,complete_task,四六级冲刺型
U0226,2026-08-13,open_app,四六级冲刺型
U0226,2026-08-13,start_learning,四六级冲刺型
U0227,2026-08-17,complete_task,考研长期型
U0227,2026-08-17,register,考研长期型
U0227,2026-08-17,start_learning,考研长期型
U0228,2026-08-12,register,四六级冲刺型
U0229,2026-08-11,complete_task,雅思留学型
U0229,2026-08-11,register,雅思留学型
U0229,2026-08-11,start_learning,雅思留学型
U0229,2026-08-12,open_app,雅思留学型
U0229,2026-08-12,start_learning,雅思留学型
U0229,2026-08-14,complete_task,雅思留学型
U0229,2026-08-14,open_app,雅思留学型
U0229,2026-08-14,start_learning,雅思留学型
U0229,2026-08-16,complete_task,雅思留学型
U0229,2026-08-16,open_app,雅思留学型
U0229,2026-08-17,open_app,雅思留学型
U0229,2026-08-17,start_learning,雅思留学型
U0229,2026-08-18,complete_task,雅思留学型
U0229,2026-08-18,open_app,雅思留学型
U0229,2026-08-18,start_learning,雅思留学型
U0230,2026-08-04,complete_task,雅思留学型
U0230,2026-08-04,register,雅思留学型
U0230,2026-08-04,start_learning,雅思留学型
U0230,2026-08-05,complete_task,雅思留学型
U0230,2026-08-05,open_app,雅思留学型
U0230,2026-08-06,complete_task,雅思留学型
U0230,2026-08-06,open_app,雅思留学型
U0230,2026-08-06,start_learning,雅思留学型
U0230,2026-08-07,complete_task,雅思留学型
U0230,2026-08-07,open_app,雅思留学型
U0230,2026-08-07,start_learning,雅思留学型
U0230,2026-08-08,complete_task,雅思留学型
U0230,2026-08-08,open_app,雅思留学型
U0230,2026-08-09,open_app,雅思留学型
U0230,2026-08-11,complete_task,雅思留学型
U0230,2026-08-11,open_app,雅思留学型
U0230,2026-08-11,start_learning,雅思留学型
U0231,2026-08-10,complete_task,考研长期型
U0231,2026-08-10,register,考研长期型
U0231,2026-08-10,start_learning,考研长期型
U0231,2026-08-11,open_app,考研长期型
U0231,2026-08-11,start_learning,考研长期型
U0231,2026-08-12,open_app,考研长期型
U0231,2026-08-12,start_learning,考研长期型
U0231,2026-08-14,complete_task,考研长期型
U0231,2026-08-14,open_app,考研长期型
U0231,2026-08-14,start_learning,考研长期型
U0231,2026-08-15,complete_task,考研长期型
U0231,2026-08-15,open_app,考研长期型
U0231,2026-08-15,start_learning,考研长期型
U0231,2026-08-16,complete_task,考研长期型
U0231,2026-08-16,open_app,考研长期型
U0231,2026-08-16,start_learning,考研长期型
U0231,2026-08-17,complete_task,考研长期型
U0231,2026-08-17,open_app,考研长期型
U0231,2026-08-17,start_learning,考研长期型
U0232,2026-08-18,complete_task,四六级冲刺型
U0232,2026-08-18,register,四六级冲刺型
U0232,2026-08-18,start_learning,四六级冲刺型
U0232,2026-08-19,complete_task,四六级冲刺型
U0232,2026-08-19,open_app,四六级冲刺型
U0232,2026-08-19,start_learning,四六级冲刺型
U0232,2026-08-22,complete_task,四六级冲刺型
U0232,2026-08-22,open_app,四六级冲刺型
U0232,2026-08-22,start_learning,四六级冲刺型
U0232,2026-08-23,open_app,四六级冲刺型
U0232,2026-08-23,start_learning,四六级冲刺型
U0232,2026-08-24,open_app,四六级冲刺型
U0232,2026-08-24,start_learning,四六级冲刺型
U0232,2026-08-25,complete_task,四六级冲刺型
U0232,2026-08-25,open_app,四六级冲刺型
U0232,2026-08-25,start_learning,四六级冲刺型
U0233,2026-08-01,complete_task,四六级冲刺型
U0233,2026-08-01,register,四六级冲刺型
U0233,2026-08-01,start_learning,四六级冲刺型
U0234,2026-08-16,register,考研长期型
U0235,2026-08-10,register,四六级冲刺型
U0236,2026-08-15,register,兴趣提升型
U0237,2026-08-14,register,四六级冲刺型
U0238,2026-08-09,register,考研长期型
U0239,2026-08-07,register,考研长期型
U0240,2026-08-13,register,雅思留学型
U0241,2026-08-03,complete_task,四六级冲刺型
U0241,2026-08-03,register,四六级冲刺型
U0241,2026-08-03,start_learning,四六级冲刺型
U0241,2026-08-04,complete_task,四六级冲刺型
U0241,2026-08-04,open_app,四六级冲刺型
U0241,2026-08-08,open_app,四六级冲刺型
U0241,2026-08-08,start_learning,四六级冲刺型
U0242,2026-08-12,complete_task,四六级冲刺型
U0242,2026-08-12,register,四六级冲刺型
U0242,2026-08-12,start_learning,四六级冲刺型
U0243,2026-08-02,register,职场提升型
U0244,2026-08-13,complete_task,四六级冲刺型
U0244,2026-08-13,register,四六级冲刺型
U0244,2026-08-13,start_learning,四六级冲刺型
U0244,2026-08-14,complete_task,四六级冲刺型
U0244,2026-08-14,open_app,四六级冲刺型
U0244,2026-08-15,complete_task,四六级冲刺型
U0244,2026-08-15,open_app,四六级冲刺型
U0244,2026-08-15,start_learning,四六级冲刺型
U0244,2026-08-17,complete_task,四六级冲刺型
U0244,2026-08-17,open_app,四六级冲刺型
U0244,2026-08-17,start_learning,四六级冲刺型
U0244,2026-08-18,open_app,四六级冲刺型
U0244,2026-08-18,start_learning,四六级冲刺型
U0244,2026-08-19,complete_task,四六级冲刺型
U0244,2026-08-19,open_app,四六级冲刺型
U0244,2026-08-19,start_learning,四六级冲刺型
U0244,2026-08-20,open_app,四六级冲刺型
U0244,2026-08-20,start_learning,四六级冲刺型
U0244,2026-08-22,churn_flag,四六级冲刺型
U0244,2026-08-29,reactivate,四六级冲刺型
U0244,2026-08-29,start_learning,四六级冲刺型
U0245,2026-08-13,complete_task,雅思留学型
U0245,2026-08-13,register,雅思留学型
U0245,2026-08-13,start_learning,雅思留学型
U0245,2026-08-14,complete_task,雅思留学型
U0245,2026-08-14,open_app,雅思留学型
U0245,2026-08-15,open_app,雅思留学型
U0245,2026-08-15,start_learning,雅思留学型
U0246,2026-08-02,complete_task,雅思留学型
U0246,2026-08-02,register,雅思留学型
U0246,2026-08-02,start_learning,雅思留学型
U0246,2026-08-13,churn_flag,雅思留学型
U0247,2026-08-16,complete_task,考研长期型
U0247,2026-08-16,register,考研长期型
U0247,2026-08-16,start_learning,考研长期型
U0247,2026-08-29,churn_flag,考研长期型
U0247,2026-09-03,reactivate,考研长期型
U0247,2026-09-03,start_learning,考研长期型
U0248,2026-08-09,complete_task,雅思留学型
U0248,2026-08-09,register,雅思留学型
U0248,2026-08-09,start_learning,雅思留学型
U0248,2026-08-10,complete_task,雅思留学型
U0248,2026-08-10,open_app,雅思留学型
U0248,2026-08-10,start_learning,雅思留学型
U0248,2026-08-14,complete_task,雅思留学型
U0248,2026-08-14,open_app,雅思留学型
U0248,2026-08-14,start_learning,雅思留学型
U0248,2026-08-15,complete_task,雅思留学型
U0248,2026-08-15,open_app,雅思留学型
U0248,2026-08-15,start_learning,雅思留学型
U0248,2026-08-16,complete_task,雅思留学型
U0248,2026-08-16,open_app,雅思留学型
U0248,2026-08-16,start_learning,雅思留学型
U0249,2026-08-16,register,兴趣提升型
U0249,2026-08-16,start_learning,兴趣提升型
U0249,2026-08-28,churn_flag,兴趣提升型
U0250,2026-08-01,complete_task,职场提升型
U0250,2026-08-01,register,职场提升型
U0250,2026-08-01,start_learning,职场提升型
U0250,2026-08-02,complete_task,职场提升型
U0250,2026-08-02,open_app,职场提升型
U0250,2026-08-02,start_learning,职场提升型
U0250,2026-08-08,open_app,职场提升型
U0250,2026-08-08,start_learning,职场提升型
U0251,2026-08-04,complete_task,考研长期型
U0251,2026-08-04,register,考研长期型
U0251,2026-08-04,start_learning,考研长期型
U0252,2026-08-10,complete_task,考研长期型
U0252,2026-08-10,register,考研长期型
U0252,2026-08-10,start_learning,考研长期型
U0252,2026-08-11,complete_task,考研长期型
U0252,2026-08-11,open_app,考研长期型
U0252,2026-08-11,start_learning,考研长期型
U0252,2026-08-13,complete_task,考研长期型
U0252,2026-08-13,open_app,考研长期型
U0252,2026-08-13,start_learning,考研长期型
U0253,2026-08-04,complete_task,考研长期型
U0253,2026-08-04,register,考研长期型
U0253,2026-08-04,start_learning,考研长期型
U0253,2026-08-15,churn_flag,考研长期型
U0253,2026-08-19,reactivate,考研长期型
U0253,2026-08-19,start_learning,考研长期型
U0254,2026-08-07,complete_task,雅思留学型
U0254,2026-08-07,register,雅思留学型
U0254,2026-08-07,start_learning,雅思留学型
U0254,2026-08-08,open_app,雅思留学型
U0254,2026-08-08,start_learning,雅思留学型
U0254,2026-08-09,complete_task,雅思留学型
U0254,2026-08-09,open_app,雅思留学型
U0254,2026-08-09,start_learning,雅思留学型
U0254,2026-08-10,open_app,雅思留学型
U0254,2026-08-10,start_learning,雅思留学型
U0254,2026-08-11,complete_task,雅思留学型
U0254,2026-08-11,open_app,雅思留学型
U0254,2026-08-13,complete_task,雅思留学型
U0254,2026-08-13,open_app,雅思留学型
U0254,2026-08-13,start_learning,雅思留学型
U0254,2026-08-14,complete_task,雅思留学型
U0254,2026-08-14,open_app,雅思留学型
U0254,2026-08-14,start_learning,雅思留学型
U0254,2026-08-20,churn_flag,雅思留学型
U0255,2026-08-14,complete_task,兴趣提升型
U0255,2026-08-14,register,兴趣提升型
U0255,2026-08-14,start_learning,兴趣提升型
U0255,2026-08-21,complete_task,兴趣提升型
U0255,2026-08-21,open_app,兴趣提升型
U0255,2026-08-21,start_learning,兴趣提升型
U0256,2026-08-03,register,考研长期型
U0257,2026-08-14,complete_task,考研长期型
U0257,2026-08-14,register,考研长期型
U0257,2026-08-14,start_learning,考研长期型
U0257,2026-08-21,open_app,考研长期型
U0257,2026-08-21,start_learning,考研长期型
U0258,2026-08-03,register,习惯打卡型
U0259,2026-08-04,complete_task,四六级冲刺型
U0259,2026-08-04,register,四六级冲刺型
U0259,2026-08-04,start_learning,四六级冲刺型
U0260,2026-08-12,register,雅思留学型
U0261,2026-08-16,complete_task,兴趣提升型
U0261,2026-08-16,register,兴趣提升型
U0261,2026-08-16,start_learning,兴趣提升型
U0261,2026-08-17,complete_task,兴趣提升型
U0261,2026-08-17,open_app,兴趣提升型
U0261,2026-08-17,start_learning,兴趣提升型
U0261,2026-08-18,open_app,兴趣提升型
U0261,2026-08-20,open_app,兴趣提升型
U0261,2026-08-20,start_learning,兴趣提升型
U0262,2026-08-04,register,四六级冲刺型
U0262,2026-08-04,start_learning,四六级冲刺型
U0262,2026-08-05,complete_task,四六级冲刺型
U0262,2026-08-05,open_app,四六级冲刺型
U0262,2026-08-05,start_learning,四六级冲刺型
U0262,2026-08-06,open_app,四六级冲刺型
U0262,2026-08-06,start_learning,四六级冲刺型
U0262,2026-08-07,open_app,四六级冲刺型
U0262,2026-08-07,start_learning,四六级冲刺型
U0262,2026-08-08,complete_task,四六级冲刺型
U0262,2026-08-08,open_app,四六级冲刺型
U0262,2026-08-12,churn_flag,四六级冲刺型
U0263,2026-08-06,complete_task,四六级冲刺型
U0263,2026-08-06,register,四六级冲刺型
U0263,2026-08-06,start_learning,四六级冲刺型
U0263,2026-08-07,complete_task,四六级冲刺型
U0263,2026-08-07,open_app,四六级冲刺型
U0263,2026-08-07,start_learning,四六级冲刺型
U0263,2026-08-08,open_app,四六级冲刺型
U0263,2026-08-08,start_learning,四六级冲刺型
U0263,2026-08-09,complete_task,四六级冲刺型
U0263,2026-08-09,open_app,四六级冲刺型
U0263,2026-08-09,start_learning,四六级冲刺型
U0263,2026-08-10,open_app,四六级冲刺型
U0263,2026-08-10,start_learning,四六级冲刺型
U0263,2026-08-11,complete_task,四六级冲刺型
U0263,2026-08-11,open_app,四六级冲刺型
U0263,2026-08-12,complete_task,四六级冲刺型
U0263,2026-08-12,open_app,四六级冲刺型
U0263,2026-08-13,open_app,四六级冲刺型
U0263,2026-08-13,start_learning,四六级冲刺型
U0264,2026-08-19,complete_task,四六级冲刺型
U0264,2026-08-19,register,四六级冲刺型
U0264,2026-08-19,start_learning,四六级冲刺型
U0264,2026-08-20,open_app,四六级冲刺型
U0264,2026-08-21,complete_task,四六级冲刺型
U0264,2026-08-21,open_app,四六级冲刺型
U0264,2026-08-21,start_learning,四六级冲刺型
U0264,2026-08-22,complete_task,四六级冲刺型
U0264,2026-08-22,open_app,四六级冲刺型
U0264,2026-08-22,start_learning,四六级冲刺型
U0264,2026-08-23,complete_task,四六级冲刺型
U0264,2026-08-23,open_app,四六级冲刺型
U0264,2026-08-23,start_learning,四六级冲刺型
U0264,2026-08-24,complete_task,四六级冲刺型
U0264,2026-08-24,open_app,四六级冲刺型
U0264,2026-08-24,start_learning,四六级冲刺型
U0264,2026-08-26,complete_task,四六级冲刺型
U0264,2026-08-26,open_app,四六级冲刺型
U0264,2026-08-26,start_learning,四六级冲刺型
U0265,2026-08-20,complete_task,习惯打卡型
U0265,2026-08-20,register,习惯打卡型
U0265,2026-08-20,start_learning,习惯打卡型
U0265,2026-08-21,complete_task,习惯打卡型
U0265,2026-08-21,open_app,习惯打卡型
U0265,2026-08-21,start_learning,习惯打卡型
U0265,2026-08-23,open_app,习惯打卡型
U0265,2026-08-23,start_learning,习惯打卡型
U0265,2026-08-24,complete_task,习惯打卡型
U0265,2026-08-24,open_app,习惯打卡型
U0265,2026-08-24,start_learning,习惯打卡型
U0265,2026-08-25,open_app,习惯打卡型
U0265,2026-08-25,start_learning,习惯打卡型
U0266,2026-08-12,complete_task,四六级冲刺型
U0266,2026-08-12,register,四六级冲刺型
U0266,2026-08-12,start_learning,四六级冲刺型
U0266,2026-08-13,complete_task,四六级冲刺型
U0266,2026-08-13,open_app,四六级冲刺型
U0266,2026-08-13,start_learning,四六级冲刺型
U0266,2026-08-14,complete_task,四六级冲刺型
U0266,2026-08-14,open_app,四六级冲刺型
U0266,2026-08-14,start_learning,四六级冲刺型
U0266,2026-08-16,complete_task,四六级冲刺型
U0266,2026-08-16,open_app,四六级冲刺型
U0266,2026-08-18,complete_task,四六级冲刺型
U0266,2026-08-18,open_app,四六级冲刺型
U0266,2026-08-18,start_learning,四六级冲刺型
U0266,2026-08-19,complete_task,四六级冲刺型
U0266,2026-08-19,open_app,四六级冲刺型
U0266,2026-08-19,start_learning,四六级冲刺型
U0267,2026-08-09,register,四六级冲刺型
U0267,2026-08-09,start_learning,四六级冲刺型
U0267,2026-08-10,complete_task,四六级冲刺型
U0267,2026-08-10,open_app,四六级冲刺型
U0267,2026-08-10,start_learning,四六级冲刺型
U0267,2026-08-11,complete_task,四六级冲刺型
U0267,2026-08-11,open_app,四六级冲刺型
U0267,2026-08-11,start_learning,四六级冲刺型
U0267,2026-08-13,complete_task,四六级冲刺型
U0267,2026-08-13,open_app,四六级冲刺型
U0267,2026-08-13,start_learning,四六级冲刺型
U0268,2026-08-07,complete_task,四六级冲刺型
U0268,2026-08-07,register,四六级冲刺型
U0268,2026-08-07,start_learning,四六级冲刺型
U0269,2026-08-13,complete_task,四六级冲刺型
U0269,2026-08-13,register,四六级冲刺型
U0269,2026-08-13,start_learning,四六级冲刺型
U0269,2026-08-14,complete_task,四六级冲刺型
U0269,2026-08-14,open_app,四六级冲刺型
U0269,2026-08-14,start_learning,四六级冲刺型
U0269,2026-08-16,complete_task,四六级冲刺型
U0269,2026-08-16,open_app,四六级冲刺型
U0269,2026-08-18,complete_task,四六级冲刺型
U0269,2026-08-18,open_app,四六级冲刺型
U0269,2026-08-19,complete_task,四六级冲刺型
U0269,2026-08-19,open_app,四六级冲刺型
U0269,2026-08-19,start_learning,四六级冲刺型
U0269,2026-08-20,open_app,四六级冲刺型
U0269,2026-08-20,start_learning,四六级冲刺型
U0270,2026-08-12,complete_task,职业证书型
U0270,2026-08-12,register,职业证书型
U0270,2026-08-12,start_learning,职业证书型
U0270,2026-08-13,open_app,职业证书型
U0270,2026-08-14,complete_task,职业证书型
U0270,2026-08-14,open_app,职业证书型
U0270,2026-08-18,complete_task,职业证书型
U0270,2026-08-18,open_app,职业证书型
U0270,2026-08-18,start_learning,职业证书型
U0271,2026-08-06,register,考研长期型
U0271,2026-08-06,start_learning,考研长期型
U0271,2026-08-07,open_app,考研长期型
U0271,2026-08-07,start_learning,考研长期型
U0271,2026-08-08,complete_task,考研长期型
U0271,2026-08-08,open_app,考研长期型
U0271,2026-08-08,start_learning,考研长期型
U0271,2026-08-09,complete_task,考研长期型
U0271,2026-08-09,open_app,考研长期型
U0271,2026-08-09,start_learning,考研长期型
U0271,2026-08-10,complete_task,考研长期型
U0271,2026-08-10,open_app,考研长期型
U0271,2026-08-10,start_learning,考研长期型
U0271,2026-08-11,complete_task,考研长期型
U0271,2026-08-11,open_app,考研长期型
U0271,2026-08-11,start_learning,考研长期型
U0272,2026-08-01,complete_task,托福留学型
U0272,2026-08-01,register,托福留学型
U0272,2026-08-01,start_learning,托福留学型
U0272,2026-08-02,open_app,托福留学型
U0272,2026-08-02,start_learning,托福留学型
U0272,2026-08-04,complete_task,托福留学型
U0272,2026-08-04,open_app,托福留学型
U0272,2026-08-04,start_learning,托福留学型
U0273,2026-08-04,complete_task,托福留学型
U0273,2026-08-04,register,托福留学型
U0273,2026-08-04,start_learning,托福留学型
U0273,2026-08-05,complete_task,托福留学型
U0273,2026-08-05,open_app,托福留学型
U0273,2026-08-09,open_app,托福留学型
U0273,2026-08-09,start_learning,托福留学型
U0274,2026-08-20,complete_task,职场提升型
U0274,2026-08-20,register,职场提升型
U0274,2026-08-20,start_learning,职场提升型
U0275,2026-08-09,register,四六级冲刺型
U0276,2026-08-10,register,职场提升型
U0277,2026-08-10,register,职业证书型
U0278,2026-08-16,register,四六级冲刺型
U0278,2026-08-16,start_learning,四六级冲刺型
U0278,2026-08-17,complete_task,四六级冲刺型
U0278,2026-08-17,open_app,四六级冲刺型
U0278,2026-08-17,start_learning,四六级冲刺型
U0278,2026-08-22,complete_task,四六级冲刺型
U0278,2026-08-22,open_app,四六级冲刺型
U0278,2026-08-22,start_learning,四六级冲刺型
U0278,2026-08-23,complete_task,四六级冲刺型
U0278,2026-08-23,open_app,四六级冲刺型
U0278,2026-08-23,start_learning,四六级冲刺型
U0279,2026-08-02,complete_task,兴趣提升型
U0279,2026-08-02,register,兴趣提升型
U0279,2026-08-02,start_learning,兴趣提升型
U0279,2026-08-03,complete_task,兴趣提升型
U0279,2026-08-03,open_app,兴趣提升型
U0279,2026-08-03,start_learning,兴趣提升型
U0279,2026-08-04,complete_task,兴趣提升型
U0279,2026-08-04,open_app,兴趣提升型
U0279,2026-08-04,start_learning,兴趣提升型
U0279,2026-08-05,complete_task,兴趣提升型
U0279,2026-08-05,open_app,兴趣提升型
U0279,2026-08-05,start_learning,兴趣提升型
U0279,2026-08-06,complete_task,兴趣提升型
U0279,2026-08-06,open_app,兴趣提升型
U0279,2026-08-06,start_learning,兴趣提升型
U0279,2026-08-07,open_app,兴趣提升型
U0279,2026-08-07,start_learning,兴趣提升型
U0279,2026-08-08,complete_task,兴趣提升型
U0279,2026-08-08,open_app,兴趣提升型
U0279,2026-08-09,complete_task,兴趣提升型
U0279,2026-08-09,open_app,兴趣提升型
U0279,2026-08-09,start_learning,兴趣提升型
U0280,2026-08-02,register,职场提升型
U0280,2026-08-02,start_learning,职场提升型
U0280,2026-08-03,complete_task,职场提升型
U0280,2026-08-03,open_app,职场提升型
U0280,2026-08-03,start_learning,职场提升型
U0280,2026-08-04,complete_task,职场提升型
U0280,2026-08-04,open_app,职场提升型
U0280,2026-08-04,start_learning,职场提升型
U0280,2026-08-05,open_app,职场提升型
U0280,2026-08-07,complete_task,职场提升型
U0280,2026-08-07,open_app,职场提升型
U0280,2026-08-07,start_learning,职场提升型
U0281,2026-08-06,register,考研长期型
U0282,2026-08-10,register,习惯打卡型
U0283,2026-08-14,complete_task,雅思留学型
U0283,2026-08-14,register,雅思留学型
U0283,2026-08-14,start_learning,雅思留学型
U0283,2026-08-15,open_app,雅思留学型
U0283,2026-08-16,complete_task,雅思留学型
U0283,2026-08-16,open_app,雅思留学型
U0283,2026-08-16,start_learning,雅思留学型
U0283,2026-08-17,open_app,雅思留学型
U0283,2026-08-17,start_learning,雅思留学型
U0283,2026-08-20,complete_task,雅思留学型
U0283,2026-08-20,open_app,雅思留学型
U0283,2026-08-20,start_learning,雅思留学型
U0283,2026-08-28,churn_flag,雅思留学型
U0283,2026-08-30,reactivate,雅思留学型
U0283,2026-08-30,start_learning,雅思留学型
U0284,2026-08-10,register,职业证书型
U0285,2026-08-09,complete_task,习惯打卡型
U0285,2026-08-09,register,习惯打卡型
U0285,2026-08-09,start_learning,习惯打卡型
U0285,2026-08-21,churn_flag,习惯打卡型
U0286,2026-08-19,complete_task,考研长期型
U0286,2026-08-19,register,考研长期型
U0286,2026-08-19,start_learning,考研长期型
U0286,2026-08-20,complete_task,考研长期型
U0286,2026-08-20,open_app,考研长期型
U0286,2026-08-20,start_learning,考研长期型
U0286,2026-08-22,complete_task,考研长期型
U0286,2026-08-22,open_app,考研长期型
U0286,2026-08-22,start_learning,考研长期型
U0286,2026-08-25,complete_task,考研长期型
U0286,2026-08-25,open_app,考研长期型
U0286,2026-08-25,start_learning,考研长期型
U0286,2026-08-26,complete_task,考研长期型
U0286,2026-08-26,open_app,考研长期型
U0286,2026-08-26,start_learning,考研长期型
U0287,2026-08-04,complete_task,职场提升型
U0287,2026-08-04,register,职场提升型
U0287,2026-08-04,start_learning,职场提升型
U0287,2026-08-05,open_app,职场提升型
U0287,2026-08-05,start_learning,职场提升型
U0287,2026-08-06,open_app,职场提升型
U0287,2026-08-06,start_learning,职场提升型
U0287,2026-08-07,complete_task,职场提升型
U0287,2026-08-07,open_app,职场提升型
U0287,2026-08-07,start_learning,职场提升型
U0288,2026-08-12,complete_task,考研长期型
U0288,2026-08-12,register,考研长期型
U0288,2026-08-12,start_learning,考研长期型
U0289,2026-08-11,complete_task,兴趣提升型
U0289,2026-08-11,register,兴趣提升型
U0289,2026-08-11,start_learning,兴趣提升型
U0289,2026-08-19,churn_flag,兴趣提升型
U0289,2026-08-23,reactivate,兴趣提升型
U0289,2026-08-23,start_learning,兴趣提升型
U0290,2026-08-10,register,职业证书型
U0291,2026-08-17,complete_task,四六级冲刺型
U0291,2026-08-17,register,四六级冲刺型
U0291,2026-08-17,start_learning,四六级冲刺型
U0291,2026-08-18,complete_task,四六级冲刺型
U0291,2026-08-18,open_app,四六级冲刺型
U0291,2026-08-21,open_app,四六级冲刺型
U0291,2026-08-22,open_app,四六级冲刺型
U0291,2026-08-22,start_learning,四六级冲刺型
U0292,2026-08-06,complete_task,雅思留学型
U0292,2026-08-06,register,雅思留学型
U0292,2026-08-06,start_learning,雅思留学型
U0292,2026-08-17,churn_flag,雅思留学型
U0293,2026-08-20,register,考研长期型
U0294,2026-08-07,complete_task,四六级冲刺型
U0294,2026-08-07,register,四六级冲刺型
U0294,2026-08-07,start_learning,四六级冲刺型
U0294,2026-08-08,open_app,四六级冲刺型
U0294,2026-08-08,start_learning,四六级冲刺型
U0294,2026-08-09,complete_task,四六级冲刺型
U0294,2026-08-09,open_app,四六级冲刺型
U0294,2026-08-11,open_app,四六级冲刺型
U0294,2026-08-12,complete_task,四六级冲刺型
U0294,2026-08-12,open_app,四六级冲刺型
U0294,2026-08-12,start_learning,四六级冲刺型
U0295,2026-08-11,complete_task,四六级冲刺型
U0295,2026-08-11,register,四六级冲刺型
U0295,2026-08-11,start_learning,四六级冲刺型
U0295,2026-08-12,complete_task,四六级冲刺型
U0295,2026-08-12,open_app,四六级冲刺型
U0295,2026-08-12,start_learning,四六级冲刺型
U0295,2026-08-15,complete_task,四六级冲刺型
U0295,2026-08-15,open_app,四六级冲刺型
U0295,2026-08-15,start_learning,四六级冲刺型
U0295,2026-08-17,open_app,四六级冲刺型
U0296,2026-08-11,complete_task,考研长期型
U0296,2026-08-11,register,考研长期型
U0296,2026-08-11,start_learning,考研长期型
U0296,2026-08-12,open_app,考研长期型
U0296,2026-08-12,start_learning,考研长期型
U0296,2026-08-15,complete_task,考研长期型
U0296,2026-08-15,open_app,考研长期型
U0296,2026-08-17,complete_task,考研长期型
U0296,2026-08-17,open_app,考研长期型
U0296,2026-08-17,start_learning,考研长期型
U0296,2026-08-18,open_app,考研长期型
U0296,2026-08-18,start_learning,考研长期型
U0297,2026-08-17,register,四六级冲刺型
U0298,2026-08-09,register,四六级冲刺型
U0298,2026-08-09,start_learning,四六级冲刺型
U0298,2026-08-10,open_app,四六级冲刺型
U0298,2026-08-10,start_learning,四六级冲刺型
U0298,2026-08-11,complete_task,四六级冲刺型
U0298,2026-08-11,open_app,四六级冲刺型
U0298,2026-08-11,start_learning,四六级冲刺型
U0298,2026-08-12,complete_task,四六级冲刺型
U0298,2026-08-12,open_app,四六级冲刺型
U0298,2026-08-13,complete_task,四六级冲刺型
U0298,2026-08-13,open_app,四六级冲刺型
U0298,2026-08-13,start_learning,四六级冲刺型
U0299,2026-08-06,register,兴趣提升型
U0299,2026-08-06,start_learning,兴趣提升型
U0299,2026-08-07,open_app,兴趣提升型
U0299,2026-08-07,start_learning,兴趣提升型
U0299,2026-08-08,open_app,兴趣提升型
U0299,2026-08-10,open_app,兴趣提升型
U0299,2026-08-10,start_learning,兴趣提升型
U0299,2026-08-11,open_app,兴趣提升型
U0299,2026-08-11,start_learning,兴趣提升型
U0299,2026-08-16,churn_flag,兴趣提升型
U0300,2026-08-01,complete_task,兴趣提升型
U0300,2026-08-01,register,兴趣提升型
U0300,2026-08-01,start_learning,兴趣提升型
U0300,2026-08-02,complete_task,兴趣提升型
U0300,2026-08-02,open_app,兴趣提升型
U0300,2026-08-02,start_learning,兴趣提升型
U0300,2026-08-03,complete_task,兴趣提升型
U0300,2026-08-03,open_app,兴趣提升型
U0300,2026-08-03,start_learning,兴趣提升型
U0300,2026-08-05,complete_task,兴趣提升型
U0300,2026-08-05,open_app,兴趣提升型
U0300,2026-08-07,complete_task,兴趣提升型
U0300,2026-08-07,open_app,兴趣提升型
U0300,2026-08-07,start_learning,兴趣提升型
U0301,2026-08-08,complete_task,兴趣提升型
U0301,2026-08-08,register,兴趣提升型
U0301,2026-08-08,start_learning,兴趣提升型
U0301,2026-08-19,churn_flag,兴趣提升型
U0302,2026-08-17,complete_task,考研长期型
U0302,2026-08-17,register,考研长期型
U0302,2026-08-17,start_learning,考研长期型
U0302,2026-08-18,complete_task,考研长期型
U0302,2026-08-18,open_app,考研长期型
U0302,2026-08-18,start_learning,考研长期型
U0302,2026-08-20,open_app,考研长期型
U0302,2026-08-20,start_learning,考研长期型
U0302,2026-08-22,complete_task,考研长期型
U0302,2026-08-22,open_app,考研长期型
U0302,2026-08-22,start_learning,考研长期型
U0303,2026-08-01,register,职场提升型
U0304,2026-08-18,complete_task,托福留学型
U0304,2026-08-18,register,托福留学型
U0304,2026-08-18,start_learning,托福留学型
U0304,2026-08-19,complete_task,托福留学型
U0304,2026-08-19,open_app,托福留学型
U0304,2026-08-19,start_learning,托福留学型
U0304,2026-08-20,complete_task,托福留学型
U0304,2026-08-20,open_app,托福留学型
U0304,2026-08-20,start_learning,托福留学型
U0304,2026-08-21,complete_task,托福留学型
U0304,2026-08-21,open_app,托福留学型
U0304,2026-08-21,start_learning,托福留学型
U0304,2026-08-22,open_app,托福留学型
U0304,2026-08-22,start_learning,托福留学型
U0304,2026-08-23,complete_task,托福留学型
U0304,2026-08-23,open_app,托福留学型
U0304,2026-08-23,start_learning,托福留学型
U0304,2026-08-24,complete_task,托福留学型
U0304,2026-08-24,open_app,托福留学型
U0304,2026-08-24,start_learning,托福留学型
U0304,2026-08-25,complete_task,托福留学型
U0304,2026-08-25,open_app,托福留学型
U0304,2026-08-25,start_learning,托福留学型
U0305,2026-08-11,register,四六级冲刺型
U0306,2026-08-03,complete_task,四六级冲刺型
U0306,2026-08-03,register,四六级冲刺型
U0306,2026-08-03,start_learning,四六级冲刺型
U0306,2026-08-04,complete_task,四六级冲刺型
U0306,2026-08-04,open_app,四六级冲刺型
U0306,2026-08-05,complete_task,四六级冲刺型
U0306,2026-08-05,open_app,四六级冲刺型
U0306,2026-08-05,start_learning,四六级冲刺型
U0306,2026-08-06,open_app,四六级冲刺型
U0306,2026-08-07,complete_task,四六级冲刺型
U0306,2026-08-07,open_app,四六级冲刺型
U0306,2026-08-07,start_learning,四六级冲刺型
U0306,2026-08-08,complete_task,四六级冲刺型
U0306,2026-08-08,open_app,四六级冲刺型
U0306,2026-08-08,start_learning,四六级冲刺型
U0307,2026-08-07,complete_task,兴趣提升型
U0307,2026-08-07,register,兴趣提升型
U0307,2026-08-07,start_learning,兴趣提升型
U0307,2026-08-08,complete_task,兴趣提升型
U0307,2026-08-08,open_app,兴趣提升型
U0307,2026-08-08,start_learning,兴趣提升型
U0307,2026-08-09,complete_task,兴趣提升型
U0307,2026-08-09,open_app,兴趣提升型
U0307,2026-08-10,open_app,兴趣提升型
U0307,2026-08-10,start_learning,兴趣提升型
U0307,2026-08-11,complete_task,兴趣提升型
U0307,2026-08-11,open_app,兴趣提升型
U0307,2026-08-11,start_learning,兴趣提升型
U0307,2026-08-14,open_app,兴趣提升型
U0307,2026-08-14,start_learning,兴趣提升型
U0308,2026-08-12,complete_task,四六级冲刺型
U0308,2026-08-12,register,四六级冲刺型
U0308,2026-08-12,start_learning,四六级冲刺型
U0308,2026-08-13,complete_task,四六级冲刺型
U0308,2026-08-13,open_app,四六级冲刺型
U0308,2026-08-13,start_learning,四六级冲刺型
U0308,2026-08-14,open_app,四六级冲刺型
U0308,2026-08-15,open_app,四六级冲刺型
U0308,2026-08-15,start_learning,四六级冲刺型
U0308,2026-08-16,complete_task,四六级冲刺型
U0308,2026-08-16,open_app,四六级冲刺型
U0308,2026-08-18,complete_task,四六级冲刺型
U0308,2026-08-18,open_app,四六级冲刺型
U0308,2026-08-18,start_learning,四六级冲刺型
U0309,2026-08-07,register,雅思留学型
U0310,2026-08-03,complete_task,习惯打卡型
U0310,2026-08-03,register,习惯打卡型
U0310,2026-08-03,start_learning,习惯打卡型
U0310,2026-08-04,complete_task,习惯打卡型
U0310,2026-08-04,open_app,习惯打卡型
U0310,2026-08-04,start_learning,习惯打卡型
U0310,2026-08-07,open_app,习惯打卡型
U0310,2026-08-07,start_learning,习惯打卡型
U0310,2026-08-08,complete_task,习惯打卡型
U0310,2026-08-08,open_app,习惯打卡型
U0310,2026-08-08,start_learning,习惯打卡型
U0310,2026-08-09,open_app,习惯打卡型
U0310,2026-08-09,start_learning,习惯打卡型
U0310,2026-08-10,complete_task,习惯打卡型
U0310,2026-08-10,open_app,习惯打卡型
U0310,2026-08-10,start_learning,习惯打卡型
U0311,2026-08-14,register,四六级冲刺型
U0312,2026-08-14,complete_task,四六级冲刺型
U0312,2026-08-14,register,四六级冲刺型
U0312,2026-08-14,start_learning,四六级冲刺型
U0312,2026-08-15,complete_task,四六级冲刺型
U0312,2026-08-15,open_app,四六级冲刺型
U0312,2026-08-15,start_learning,四六级冲刺型
U0312,2026-08-17,complete_task,四六级冲刺型
U0312,2026-08-17,open_app,四六级冲刺型
U0312,2026-08-17,start_learning,四六级冲刺型
U0313,2026-08-03,complete_task,习惯打卡型
U0313,2026-08-03,register,习惯打卡型
U0313,2026-08-03,start_learning,习惯打卡型
U0313,2026-08-04,complete_task,习惯打卡型
U0313,2026-08-04,open_app,习惯打卡型
U0313,2026-08-04,start_learning,习惯打卡型
U0313,2026-08-06,complete_task,习惯打卡型
U0313,2026-08-06,open_app,习惯打卡型
U0313,2026-08-06,start_learning,习惯打卡型
U0313,2026-08-09,complete_task,习惯打卡型
U0313,2026-08-09,open_app,习惯打卡型
U0313,2026-08-09,start_learning,习惯打卡型
U0313,2026-08-10,open_app,习惯打卡型
U0313,2026-08-10,start_learning,习惯打卡型
U0314,2026-08-06,complete_task,托福留学型
U0314,2026-08-06,register,托福留学型
U0314,2026-08-06,start_learning,托福留学型
U0315,2026-08-05,complete_task,四六级冲刺型
U0315,2026-08-05,register,四六级冲刺型
U0315,2026-08-05,start_learning,四六级冲刺型
U0315,2026-08-12,open_app,四六级冲刺型
U0315,2026-08-12,start_learning,四六级冲刺型
U0315,2026-08-14,churn_flag,四六级冲刺型
U0316,2026-08-14,register,职场提升型
U0317,2026-08-15,complete_task,职场提升型
U0317,2026-08-15,register,职场提升型
U0317,2026-08-15,start_learning,职场提升型
U0317,2026-08-28,churn_flag,职场提升型
U0318,2026-08-15,complete_task,托福留学型
U0318,2026-08-15,register,托福留学型
U0318,2026-08-15,start_learning,托福留学型
U0318,2026-08-22,complete_task,托福留学型
U0318,2026-08-22,open_app,托福留学型
U0318,2026-08-22,start_learning,托福留学型
U0319,2026-08-19,register,职业证书型
U0319,2026-08-19,start_learning,职业证书型
U0319,2026-08-20,open_app,职业证书型
U0319,2026-08-20,start_learning,职业证书型
U0319,2026-08-21,complete_task,职业证书型
U0319,2026-08-21,open_app,职业证书型
U0319,2026-08-22,open_app,职业证书型
U0319,2026-08-22,start_learning,职业证书型
U0320,2026-08-16,register,考研长期型
U0320,2026-08-16,start_learning,考研长期型
U0320,2026-08-30,churn_flag,考研长期型
U0321,2026-08-07,complete_task,四六级冲刺型
U0321,2026-08-07,register,四六级冲刺型
U0321,2026-08-07,start_learning,四六级冲刺型
U0321,2026-08-18,churn_flag,四六级冲刺型
U0321,2026-08-20,reactivate,四六级冲刺型
U0321,2026-08-20,start_learning,四六级冲刺型
U0322,2026-08-03,register,托福留学型
U0322,2026-08-03,start_learning,托福留学型
U0323,2026-08-13,register,考研长期型
U0323,2026-08-13,start_learning,考研长期型
U0323,2026-08-14,open_app,考研长期型
U0323,2026-08-14,start_learning,考研长期型
U0323,2026-08-16,complete_task,考研长期型
U0323,2026-08-16,open_app,考研长期型
U0323,2026-08-16,start_learning,考研长期型
U0323,2026-08-17,complete_task,考研长期型
U0323,2026-08-17,open_app,考研长期型
U0323,2026-08-17,start_learning,考研长期型
U0323,2026-08-19,complete_task,考研长期型
U0323,2026-08-19,open_app,考研长期型
U0323,2026-08-19,start_learning,考研长期型
U0324,2026-08-19,register,职业证书型
U0325,2026-08-20,complete_task,职场提升型
U0325,2026-08-20,register,职场提升型
U0325,2026-08-20,start_learning,职场提升型
U0325,2026-08-30,churn_flag,职场提升型
U0325,2026-09-03,reactivate,职场提升型
U0325,2026-09-03,start_learning,职场提升型
U0326,2026-08-05,complete_task,四六级冲刺型
U0326,2026-08-05,register,四六级冲刺型
U0326,2026-08-05,start_learning,四六级冲刺型
U0326,2026-08-06,complete_task,四六级冲刺型
U0326,2026-08-06,open_app,四六级冲刺型
U0326,2026-08-06,start_learning,四六级冲刺型
U0326,2026-08-07,complete_task,四六级冲刺型
U0326,2026-08-07,open_app,四六级冲刺型
U0326,2026-08-07,start_learning,四六级冲刺型
U0326,2026-08-08,complete_task,四六级冲刺型
U0326,2026-08-08,open_app,四六级冲刺型
U0326,2026-08-08,start_learning,四六级冲刺型
U0326,2026-08-09,complete_task,四六级冲刺型
U0326,2026-08-09,open_app,四六级冲刺型
U0326,2026-08-09,start_learning,四六级冲刺型
U0326,2026-08-12,complete_task,四六级冲刺型
U0326,2026-08-12,open_app,四六级冲刺型
U0326,2026-08-12,start_learning,四六级冲刺型
U0327,2026-08-05,register,托福留学型
U0328,2026-08-01,register,考研长期型
U0329,2026-08-03,complete_task,职场提升型
U0329,2026-08-03,register,职场提升型
U0329,2026-08-03,start_learning,职场提升型
U0329,2026-08-04,open_app,职场提升型
U0329,2026-08-05,complete_task,职场提升型
U0329,2026-08-05,open_app,职场提升型
U0329,2026-08-05,start_learning,职场提升型
U0329,2026-08-08,complete_task,职场提升型
U0329,2026-08-08,open_app,职场提升型
U0329,2026-08-08,start_learning,职场提升型
U0329,2026-08-09,complete_task,职场提升型
U0329,2026-08-09,open_app,职场提升型
U0330,2026-08-12,complete_task,考研长期型
U0330,2026-08-12,register,考研长期型
U0330,2026-08-12,start_learning,考研长期型
U0330,2026-08-13,open_app,考研长期型
U0330,2026-08-13,start_learning,考研长期型
U0330,2026-08-14,complete_task,考研长期型
U0330,2026-08-14,open_app,考研长期型
U0330,2026-08-14,start_learning,考研长期型
U0330,2026-08-15,open_app,考研长期型
U0330,2026-08-16,open_app,考研长期型
U0330,2026-08-16,start_learning,考研长期型
U0330,2026-08-18,complete_task,考研长期型
U0330,2026-08-18,open_app,考研长期型
U0330,2026-08-18,start_learning,考研长期型
U0331,2026-08-11,complete_task,职业证书型
U0331,2026-08-11,register,职业证书型
U0331,2026-08-11,start_learning,职业证书型
U0332,2026-08-08,complete_task,托福留学型
U0332,2026-08-08,register,托福留学型
U0332,2026-08-08,start_learning,托福留学型
U0332,2026-08-09,open_app,托福留学型
U0332,2026-08-09,start_learning,托福留学型
U0332,2026-08-11,complete_task,托福留学型
U0332,2026-08-11,open_app,托福留学型
U0332,2026-08-11,start_learning,托福留学型
U0332,2026-08-12,complete_task,托福留学型
U0332,2026-08-12,open_app,托福留学型
U0332,2026-08-12,start_learning,托福留学型
U0332,2026-08-13,complete_task,托福留学型
U0332,2026-08-13,open_app,托福留学型
U0332,2026-08-13,start_learning,托福留学型
U0332,2026-08-15,complete_task,托福留学型
U0332,2026-08-15,open_app,托福留学型
U0332,2026-08-15,start_learning,托福留学型
U0333,2026-08-07,complete_task,考研长期型
U0333,2026-08-07,register,考研长期型
U0333,2026-08-07,start_learning,考研长期型
U0333,2026-08-08,complete_task,考研长期型
U0333,2026-08-08,open_app,考研长期型
U0333,2026-08-08,start_learning,考研长期型
U0333,2026-08-09,complete_task,考研长期型
U0333,2026-08-09,open_app,考研长期型
U0333,2026-08-09,start_learning,考研长期型
U0333,2026-08-10,complete_task,考研长期型
U0333,2026-08-10,open_app,考研长期型
U0333,2026-08-10,start_learning,考研长期型
U0333,2026-08-11,complete_task,考研长期型
U0333,2026-08-11,open_app,考研长期型
U0333,2026-08-13,open_app,考研长期型
U0333,2026-08-13,start_learning,考研长期型
U0333,2026-08-14,complete_task,考研长期型
U0333,2026-08-14,open_app,考研长期型
U0333,2026-08-14,start_learning,考研长期型
U0334,2026-08-17,register,职业证书型
U0335,2026-08-10,complete_task,兴趣提升型
U0335,2026-08-10,register,兴趣提升型
U0335,2026-08-10,start_learning,兴趣提升型
U0335,2026-08-11,complete_task,兴趣提升型
U0335,2026-08-11,open_app,兴趣提升型
U0335,2026-08-11,start_learning,兴趣提升型
U0335,2026-08-12,complete_task,兴趣提升型
U0335,2026-08-12,open_app,兴趣提升型
U0335,2026-08-12,start_learning,兴趣提升型
U0335,2026-08-13,complete_task,兴趣提升型
U0335,2026-08-13,open_app,兴趣提升型
U0335,2026-08-13,start_learning,兴趣提升型
U0335,2026-08-16,complete_task,兴趣提升型
U0335,2026-08-16,open_app,兴趣提升型
U0335,2026-08-16,start_learning,兴趣提升型
U0335,2026-08-17,complete_task,兴趣提升型
U0335,2026-08-17,open_app,兴趣提升型
U0335,2026-08-17,start_learning,兴趣提升型
U0336,2026-08-17,complete_task,托福留学型
U0336,2026-08-17,register,托福留学型
U0336,2026-08-17,start_learning,托福留学型
U0336,2026-08-24,open_app,托福留学型
U0336,2026-08-24,start_learning,托福留学型
U0337,2026-08-20,register,兴趣提升型
U0337,2026-08-20,start_learning,兴趣提升型
U0337,2026-08-21,complete_task,兴趣提升型
U0337,2026-08-21,open_app,兴趣提升型
U0337,2026-08-21,start_learning,兴趣提升型
U0337,2026-08-24,open_app,兴趣提升型
U0337,2026-08-24,start_learning,兴趣提升型
U0337,2026-08-25,complete_task,兴趣提升型
U0337,2026-08-25,open_app,兴趣提升型
U0337,2026-08-25,start_learning,兴趣提升型
U0337,2026-08-26,complete_task,兴趣提升型
U0337,2026-08-26,open_app,兴趣提升型
U0337,2026-08-26,start_learning,兴趣提升型
U0337,2026-08-27,complete_task,兴趣提升型
U0337,2026-08-27,open_app,兴趣提升型
U0337,2026-08-27,start_learning,兴趣提升型
U0338,2026-08-07,register,习惯打卡型
U0338,2026-08-07,start_learning,习惯打卡型
U0339,2026-08-05,register,雅思留学型
U0340,2026-08-20,complete_task,雅思留学型
U0340,2026-08-20,register,雅思留学型
U0340,2026-08-20,start_learning,雅思留学型
U0340,2026-08-21,complete_task,雅思留学型
U0340,2026-08-21,open_app,雅思留学型
U0340,2026-08-21,start_learning,雅思留学型
U0340,2026-08-22,open_app,雅思留学型
U0340,2026-08-22,start_learning,雅思留学型
U0340,2026-08-23,complete_task,雅思留学型
U0340,2026-08-23,open_app,雅思留学型
U0340,2026-08-23,start_learning,雅思留学型
U0340,2026-08-24,open_app,雅思留学型
U0340,2026-08-25,complete_task,雅思留学型
U0340,2026-08-25,open_app,雅思留学型
U0340,2026-08-25,start_learning,雅思留学型
U0340,2026-08-26,open_app,雅思留学型
U0340,2026-08-27,complete_task,雅思留学型
U0340,2026-08-27,open_app,雅思留学型
U0340,2026-08-27,start_learning,雅思留学型
U0341,2026-08-13,complete_task,四六级冲刺型
U0341,2026-08-13,register,四六级冲刺型
U0341,2026-08-13,start_learning,四六级冲刺型
U0342,2026-08-06,complete_task,兴趣提升型
U0342,2026-08-06,register,兴趣提升型
U0342,2026-08-06,start_learning,兴趣提升型
U0342,2026-08-07,complete_task,兴趣提升型
U0342,2026-08-07,open_app,兴趣提升型
U0342,2026-08-07,start_learning,兴趣提升型
U0342,2026-08-10,open_app,兴趣提升型
U0342,2026-08-10,start_learning,兴趣提升型
U0342,2026-08-11,complete_task,兴趣提升型
U0342,2026-08-11,open_app,兴趣提升型
U0342,2026-08-11,start_learning,兴趣提升型
U0342,2026-08-12,open_app,兴趣提升型
U0342,2026-08-12,start_learning,兴趣提升型
U0343,2026-08-13,complete_task,托福留学型
U0343,2026-08-13,register,托福留学型
U0343,2026-08-13,start_learning,托福留学型
U0343,2026-08-14,complete_task,托福留学型
U0343,2026-08-14,open_app,托福留学型
U0343,2026-08-15,complete_task,托福留学型
U0343,2026-08-15,open_app,托福留学型
U0343,2026-08-15,start_learning,托福留学型
U0343,2026-08-17,complete_task,托福留学型
U0343,2026-08-17,open_app,托福留学型
U0343,2026-08-17,start_learning,托福留学型
U0343,2026-08-18,complete_task,托福留学型
U0343,2026-08-18,open_app,托福留学型
U0343,2026-08-18,start_learning,托福留学型
U0343,2026-08-20,open_app,托福留学型
U0343,2026-08-20,start_learning,托福留学型
U0344,2026-08-11,register,雅思留学型
U0345,2026-08-19,register,四六级冲刺型
U0346,2026-08-06,complete_task,职场提升型
U0346,2026-08-06,register,职场提升型
U0346,2026-08-06,start_learning,职场提升型
U0347,2026-08-20,complete_task,考研长期型
U0347,2026-08-20,register,考研长期型
U0347,2026-08-20,start_learning,考研长期型
U0347,2026-08-21,complete_task,考研长期型
U0347,2026-08-21,open_app,考研长期型
U0347,2026-08-24,complete_task,考研长期型
U0347,2026-08-24,open_app,考研长期型
U0347,2026-08-24,start_learning,考研长期型
U0347,2026-08-25,complete_task,考研长期型
U0347,2026-08-25,open_app,考研长期型
U0347,2026-08-25,start_learning,考研长期型
U0347,2026-08-26,open_app,考研长期型
U0347,2026-08-26,start_learning,考研长期型
U0348,2026-08-19,complete_task,兴趣提升型
U0348,2026-08-19,register,兴趣提升型
U0348,2026-08-19,start_learning,兴趣提升型
U0348,2026-08-20,complete_task,兴趣提升型
U0348,2026-08-20,open_app,兴趣提升型
U0348,2026-08-20,start_learning,兴趣提升型
U0348,2026-08-23,open_app,兴趣提升型
U0348,2026-08-24,complete_task,兴趣提升型
U0348,2026-08-24,open_app,兴趣提升型
U0348,2026-08-24,start_learning,兴趣提升型
U0348,2026-08-26,complete_task,兴趣提升型
U0348,2026-08-26,open_app,兴趣提升型
U0348,2026-08-26,start_learning,兴趣提升型
U0349,2026-08-04,complete_task,四六级冲刺型
U0349,2026-08-04,register,四六级冲刺型
U0349,2026-08-04,start_learning,四六级冲刺型
U0349,2026-08-05,complete_task,四六级冲刺型
U0349,2026-08-05,open_app,四六级冲刺型
U0349,2026-08-05,start_learning,四六级冲刺型
U0349,2026-08-08,complete_task,四六级冲刺型
U0349,2026-08-08,open_app,四六级冲刺型
U0349,2026-08-08,start_learning,四六级冲刺型
U0350,2026-08-04,complete_task,习惯打卡型
U0350,2026-08-04,register,习惯打卡型
U0350,2026-08-04,start_learning,习惯打卡型
U0350,2026-08-05,complete_task,习惯打卡型
U0350,2026-08-05,open_app,习惯打卡型
U0350,2026-08-05,start_learning,习惯打卡型
U0350,2026-08-06,complete_task,习惯打卡型
U0350,2026-08-06,open_app,习惯打卡型
U0350,2026-08-11,complete_task,习惯打卡型
U0350,2026-08-11,open_app,习惯打卡型
U0350,2026-08-11,start_learning,习惯打卡型
U0350,2026-08-13,churn_flag,习惯打卡型
U0350,2026-08-18,reactivate,习惯打卡型
U0350,2026-08-18,start_learning,习惯打卡型
U0351,2026-08-11,complete_task,四六级冲刺型
U0351,2026-08-11,register,四六级冲刺型
U0351,2026-08-11,start_learning,四六级冲刺型
U0351,2026-08-12,open_app,四六级冲刺型
U0351,2026-08-12,start_learning,四六级冲刺型
U0351,2026-08-13,open_app,四六级冲刺型
U0351,2026-08-13,start_learning,四六级冲刺型
U0351,2026-08-15,complete_task,四六级冲刺型
U0351,2026-08-15,open_app,四六级冲刺型
U0351,2026-08-15,start_learning,四六级冲刺型
U0351,2026-08-16,open_app,四六级冲刺型
U0351,2026-08-16,start_learning,四六级冲刺型
U0351,2026-08-17,complete_task,四六级冲刺型
U0351,2026-08-17,open_app,四六级冲刺型
U0352,2026-08-01,complete_task,四六级冲刺型
U0352,2026-08-01,register,四六级冲刺型
U0352,2026-08-01,start_learning,四六级冲刺型
U0352,2026-08-02,open_app,四六级冲刺型
U0352,2026-08-04,complete_task,四六级冲刺型
U0352,2026-08-04,open_app,四六级冲刺型
U0352,2026-08-04,start_learning,四六级冲刺型
U0352,2026-08-06,open_app,四六级冲刺型
U0352,2026-08-06,start_learning,四六级冲刺型
U0352,2026-08-07,open_app,四六级冲刺型
U0352,2026-08-07,start_learning,四六级冲刺型
U0352,2026-08-08,complete_task,四六级冲刺型
U0352,2026-08-08,open_app,四六级冲刺型
U0352,2026-08-08,start_learning,四六级冲刺型
U0353,2026-08-06,complete_task,职场提升型
U0353,2026-08-06,register,职场提升型
U0353,2026-08-06,start_learning,职场提升型
U0353,2026-08-07,complete_task,职场提升型
U0353,2026-08-07,open_app,职场提升型
U0353,2026-08-07,start_learning,职场提升型
U0353,2026-08-08,open_app,职场提升型
U0353,2026-08-08,start_learning,职场提升型
U0353,2026-08-09,open_app,职场提升型
U0353,2026-08-09,start_learning,职场提升型
U0353,2026-08-11,complete_task,职场提升型
U0353,2026-08-11,open_app,职场提升型
U0353,2026-08-11,start_learning,职场提升型
U0354,2026-08-09,complete_task,习惯打卡型
U0354,2026-08-09,register,习惯打卡型
U0354,2026-08-09,start_learning,习惯打卡型
U0354,2026-08-10,complete_task,习惯打卡型
U0354,2026-08-10,open_app,习惯打卡型
U0354,2026-08-10,start_learning,习惯打卡型
U0354,2026-08-12,complete_task,习惯打卡型
U0354,2026-08-12,open_app,习惯打卡型
U0354,2026-08-13,open_app,习惯打卡型
U0354,2026-08-14,complete_task,习惯打卡型
U0354,2026-08-14,open_app,习惯打卡型
U0354,2026-08-14,start_learning,习惯打卡型
U0354,2026-08-15,complete_task,习惯打卡型
U0354,2026-08-15,open_app,习惯打卡型
U0354,2026-08-15,start_learning,习惯打卡型
U0355,2026-08-20,complete_task,四六级冲刺型
U0355,2026-08-20,register,四六级冲刺型
U0355,2026-08-20,start_learning,四六级冲刺型
U0355,2026-08-21,complete_task,四六级冲刺型
U0355,2026-08-21,open_app,四六级冲刺型
U0355,2026-08-21,start_learning,四六级冲刺型
U0355,2026-08-25,complete_task,四六级冲刺型
U0355,2026-08-25,open_app,四六级冲刺型
U0355,2026-08-25,start_learning,四六级冲刺型
U0355,2026-08-26,complete_task,四六级冲刺型
U0355,2026-08-26,open_app,四六级冲刺型
U0355,2026-08-26,start_learning,四六级冲刺型
U0355,2026-08-27,complete_task,四六级冲刺型
U0355,2026-08-27,open_app,四六级冲刺型
U0355,2026-08-27,start_learning,四六级冲刺型
U0356,2026-08-20,complete_task,雅思留学型
U0356,2026-08-20,register,雅思留学型
U0356,2026-08-20,start_learning,雅思留学型
U0357,2026-08-04,complete_task,兴趣提升型
U0357,2026-08-04,register,兴趣提升型
U0357,2026-08-04,start_learning,兴趣提升型
U0357,2026-08-05,complete_task,兴趣提升型
U0357,2026-08-05,open_app,兴趣提升型
U0357,2026-08-05,start_learning,兴趣提升型
U0357,2026-08-07,open_app,兴趣提升型
U0357,2026-08-07,start_learning,兴趣提升型
U0357,2026-08-08,open_app,兴趣提升型
U0357,2026-08-08,start_learning,兴趣提升型
U0357,2026-08-09,complete_task,兴趣提升型
U0357,2026-08-09,open_app,兴趣提升型
U0358,2026-08-18,complete_task,职场提升型
U0358,2026-08-18,register,职场提升型
U0358,2026-08-18,start_learning,职场提升型
U0358,2026-08-19,open_app,职场提升型
U0358,2026-08-19,start_learning,职场提升型
U0358,2026-08-20,complete_task,职场提升型
U0358,2026-08-20,open_app,职场提升型
U0358,2026-08-22,complete_task,职场提升型
U0358,2026-08-22,open_app,职场提升型
U0358,2026-08-22,start_learning,职场提升型
U0358,2026-08-23,complete_task,职场提升型
U0358,2026-08-23,open_app,职场提升型
U0359,2026-08-02,complete_task,考研长期型
U0359,2026-08-02,register,考研长期型
U0359,2026-08-02,start_learning,考研长期型
U0359,2026-08-03,complete_task,考研长期型
U0359,2026-08-03,open_app,考研长期型
U0359,2026-08-03,start_learning,考研长期型
U0359,2026-08-05,complete_task,考研长期型
U0359,2026-08-05,open_app,考研长期型
U0359,2026-08-05,start_learning,考研长期型
U0359,2026-08-06,complete_task,考研长期型
U0359,2026-08-06,open_app,考研长期型
U0359,2026-08-06,start_learning,考研长期型
U0359,2026-08-07,complete_task,考研长期型
U0359,2026-08-07,open_app,考研长期型
U0359,2026-08-07,start_learning,考研长期型
U0359,2026-08-09,complete_task,考研长期型
U0359,2026-08-09,open_app,考研长期型
U0359,2026-08-09,start_learning,考研长期型
U0359,2026-08-16,churn_flag,考研长期型
U0359,2026-08-23,reactivate,考研长期型
U0359,2026-08-23,start_learning,考研长期型
U0360,2026-08-15,complete_task,雅思留学型
U0360,2026-08-15,register,雅思留学型
U0360,2026-08-15,start_learning,雅思留学型
U0360,2026-08-16,open_app,雅思留学型
U0360,2026-08-16,start_learning,雅思留学型
U0360,2026-08-17,complete_task,雅思留学型
U0360,2026-08-17,open_app,雅思留学型
U0360,2026-08-17,start_learning,雅思留学型
U0360,2026-08-19,open_app,雅思留学型
U0360,2026-08-19,start_learning,雅思留学型
U0360,2026-08-20,open_app,雅思留学型
U0360,2026-08-20,start_learning,雅思留学型
U0361,2026-08-17,register,兴趣提升型
U0362,2026-08-18,register,兴趣提升型
U0363,2026-08-05,complete_task,兴趣提升型
U0363,2026-08-05,register,兴趣提升型
U0363,2026-08-05,start_learning,兴趣提升型
U0363,2026-08-06,open_app,兴趣提升型
U0363,2026-08-06,start_learning,兴趣提升型
U0363,2026-08-07,complete_task,兴趣提升型
U0363,2026-08-07,open_app,兴趣提升型
U0363,2026-08-07,start_learning,兴趣提升型
U0363,2026-08-08,complete_task,兴趣提升型
U0363,2026-08-08,open_app,兴趣提升型
U0363,2026-08-12,open_app,兴趣提升型
U0363,2026-08-12,start_learning,兴趣提升型
U0364,2026-08-18,register,托福留学型
U0365,2026-08-03,complete_task,四六级冲刺型
U0365,2026-08-03,register,四六级冲刺型
U0365,2026-08-03,start_learning,四六级冲刺型
U0366,2026-08-11,complete_task,习惯打卡型
U0366,2026-08-11,register,习惯打卡型
U0366,2026-08-11,start_learning,习惯打卡型
U0366,2026-08-12,complete_task,习惯打卡型
U0366,2026-08-12,open_app,习惯打卡型
U0366,2026-08-12,start_learning,习惯打卡型
U0366,2026-08-15,complete_task,习惯打卡型
U0366,2026-08-15,open_app,习惯打卡型
U0366,2026-08-15,start_learning,习惯打卡型
U0366,2026-08-16,complete_task,习惯打卡型
U0366,2026-08-16,open_app,习惯打卡型
U0366,2026-08-17,complete_task,习惯打卡型
U0366,2026-08-17,open_app,习惯打卡型
U0366,2026-08-17,start_learning,习惯打卡型
U0367,2026-08-10,complete_task,职场提升型
U0367,2026-08-10,register,职场提升型
U0367,2026-08-10,start_learning,职场提升型
U0368,2026-08-07,register,兴趣提升型
U0369,2026-08-01,register,四六级冲刺型
U0369,2026-08-01,start_learning,四六级冲刺型
U0369,2026-08-02,complete_task,四六级冲刺型
U0369,2026-08-02,open_app,四六级冲刺型
U0369,2026-08-02,start_learning,四六级冲刺型
U0369,2026-08-03,complete_task,四六级冲刺型
U0369,2026-08-03,open_app,四六级冲刺型
U0369,2026-08-03,start_learning,四六级冲刺型
U0369,2026-08-04,open_app,四六级冲刺型
U0369,2026-08-04,start_learning,四六级冲刺型
U0369,2026-08-05,open_app,四六级冲刺型
U0369,2026-08-05,start_learning,四六级冲刺型
U0369,2026-08-07,open_app,四六级冲刺型
U0369,2026-08-07,start_learning,四六级冲刺型
U0370,2026-08-16,register,四六级冲刺型
U0371,2026-08-07,complete_task,兴趣提升型
U0371,2026-08-07,register,兴趣提升型
U0371,2026-08-07,start_learning,兴趣提升型
U0372,2026-08-14,complete_task,四六级冲刺型
U0372,2026-08-14,register,四六级冲刺型
U0372,2026-08-14,start_learning,四六级冲刺型
U0372,2026-08-15,complete_task,四六级冲刺型
U0372,2026-08-15,open_app,四六级冲刺型
U0372,2026-08-15,start_learning,四六级冲刺型
U0372,2026-08-16,open_app,四六级冲刺型
U0372,2026-08-16,start_learning,四六级冲刺型
U0372,2026-08-17,open_app,四六级冲刺型
U0372,2026-08-17,start_learning,四六级冲刺型
U0372,2026-08-18,complete_task,四六级冲刺型
U0372,2026-08-18,open_app,四六级冲刺型
U0373,2026-08-09,complete_task,习惯打卡型
U0373,2026-08-09,register,习惯打卡型
U0373,2026-08-09,start_learning,习惯打卡型
U0374,2026-08-08,complete_task,考研长期型
U0374,2026-08-08,register,考研长期型
U0374,2026-08-08,start_learning,考研长期型
U0374,2026-08-21,churn_flag,考研长期型
U0374,2026-08-28,reactivate,考研长期型
U0374,2026-08-28,start_learning,考研长期型
U0375,2026-08-18,complete_task,兴趣提升型
U0375,2026-08-18,register,兴趣提升型
U0375,2026-08-18,start_learning,兴趣提升型
U0375,2026-08-19,open_app,兴趣提升型
U0375,2026-08-19,start_learning,兴趣提升型
U0375,2026-08-20,complete_task,兴趣提升型
U0375,2026-08-20,open_app,兴趣提升型
U0375,2026-08-20,start_learning,兴趣提升型
U0375,2026-08-21,open_app,兴趣提升型
U0375,2026-08-22,complete_task,兴趣提升型
U0375,2026-08-22,open_app,兴趣提升型
U0375,2026-08-22,start_learning,兴趣提升型
U0375,2026-08-23,complete_task,兴趣提升型
U0375,2026-08-23,open_app,兴趣提升型
U0375,2026-08-23,start_learning,兴趣提升型
U0375,2026-08-24,complete_task,兴趣提升型
U0375,2026-08-24,open_app,兴趣提升型
U0375,2026-08-24,start_learning,兴趣提升型
U0375,2026-08-25,complete_task,兴趣提升型
U0375,2026-08-25,open_app,兴趣提升型
U0375,2026-08-25,start_learning,兴趣提升型
U0376,2026-08-02,complete_task,职场提升型
U0376,2026-08-02,register,职场提升型
U0376,2026-08-02,start_learning,职场提升型
U0376,2026-08-03,open_app,职场提升型
U0376,2026-08-03,start_learning,职场提升型
U0376,2026-08-05,open_app,职场提升型
U0376,2026-08-05,start_learning,职场提升型
U0376,2026-08-07,complete_task,职场提升型
U0376,2026-08-07,open_app,职场提升型
U0376,2026-08-07,start_learning,职场提升型
U0376,2026-08-09,complete_task,职场提升型
U0376,2026-08-09,open_app,职场提升型
U0376,2026-08-09,start_learning,职场提升型
U0377,2026-08-15,complete_task,考研长期型
U0377,2026-08-15,register,考研长期型
U0377,2026-08-15,start_learning,考研长期型
U0377,2026-08-24,churn_flag,考研长期型
U0377,2026-08-30,reactivate,考研长期型
U0377,2026-08-30,start_learning,考研长期型
U0378,2026-08-15,complete_task,考研长期型
U0378,2026-08-15,register,考研长期型
U0378,2026-08-15,start_learning,考研长期型
U0378,2026-08-16,open_app,考研长期型
U0378,2026-08-19,complete_task,考研长期型
U0378,2026-08-19,open_app,考研长期型
U0378,2026-08-19,start_learning,考研长期型
U0378,2026-08-22,open_app,考研长期型
U0378,2026-08-22,start_learning,考研长期型
U0379,2026-08-08,complete_task,职业证书型
U0379,2026-08-08,register,职业证书型
U0379,2026-08-08,start_learning,职业证书型
U0380,2026-08-06,register,托福留学型
U0381,2026-08-01,register,雅思留学型
U0382,2026-08-19,register,职业证书型
U0383,2026-08-19,register,习惯打卡型
U0384,2026-08-05,complete_task,雅思留学型
U0384,2026-08-05,register,雅思留学型
U0384,2026-08-05,start_learning,雅思留学型
U0384,2026-08-06,complete_task,雅思留学型
U0384,2026-08-06,open_app,雅思留学型
U0384,2026-08-06,start_learning,雅思留学型
U0384,2026-08-09,complete_task,雅思留学型
U0384,2026-08-09,open_app,雅思留学型
U0384,2026-08-10,open_app,雅思留学型
U0384,2026-08-10,start_learning,雅思留学型
U0384,2026-08-12,complete_task,雅思留学型
U0384,2026-08-12,open_app,雅思留学型
U0384,2026-08-12,start_learning,雅思留学型
U0385,2026-08-01,register,四六级冲刺型
U0385,2026-08-01,start_learning,四六级冲刺型
U0386,2026-08-03,register,考研长期型
U0387,2026-08-02,complete_task,考研长期型
U0387,2026-08-02,register,考研长期型
U0387,2026-08-02,start_learning,考研长期型
U0387,2026-08-03,open_app,考研长期型
U0387,2026-08-03,start_learning,考研长期型
U0387,2026-08-05,open_app,考研长期型
U0387,2026-08-05,start_learning,考研长期型
U0387,2026-08-07,complete_task,考研长期型
U0387,2026-08-07,open_app,考研长期型
U0387,2026-08-07,start_learning,考研长期型
U0387,2026-08-08,complete_task,考研长期型
U0387,2026-08-08,open_app,考研长期型
U0387,2026-08-08,start_learning,考研长期型
U0388,2026-08-17,complete_task,四六级冲刺型
U0388,2026-08-17,register,四六级冲刺型
U0388,2026-08-17,start_learning,四六级冲刺型
U0388,2026-08-30,churn_flag,四六级冲刺型
U0388,2026-09-05,reactivate,四六级冲刺型
U0388,2026-09-05,start_learning,四六级冲刺型
U0389,2026-08-18,register,四六级冲刺型
U0390,2026-08-04,complete_task,兴趣提升型
U0390,2026-08-04,register,兴趣提升型
U0390,2026-08-04,start_learning,兴趣提升型
U0390,2026-08-05,open_app,兴趣提升型
U0390,2026-08-05,start_learning,兴趣提升型
U0390,2026-08-06,open_app,兴趣提升型
U0390,2026-08-06,start_learning,兴趣提升型
U0390,2026-08-08,complete_task,兴趣提升型
U0390,2026-08-08,open_app,兴趣提升型
U0390,2026-08-08,start_learning,兴趣提升型
U0391,2026-08-15,complete_task,考研长期型
U0391,2026-08-15,register,考研长期型
U0391,2026-08-15,start_learning,考研长期型
U0391,2026-08-16,complete_task,考研长期型
U0391,2026-08-16,open_app,考研长期型
U0391,2026-08-17,open_app,考研长期型
U0391,2026-08-17,start_learning,考研长期型
U0391,2026-08-20,open_app,考研长期型
U0392,2026-08-04,register,习惯打卡型
U0393,2026-08-08,complete_task,考研长期型
U0393,2026-08-08,register,考研长期型
U0393,2026-08-08,start_learning,考研长期型
U0393,2026-08-09,open_app,考研长期型
U0393,2026-08-10,open_app,考研长期型
U0393,2026-08-10,start_learning,考研长期型
U0393,2026-08-13,open_app,考研长期型
U0393,2026-08-13,start_learning,考研长期型
U0393,2026-08-14,open_app,考研长期型
U0393,2026-08-14,start_learning,考研长期型
U0393,2026-08-15,complete_task,考研长期型
U0393,2026-08-15,open_app,考研长期型
U0393,2026-08-15,start_learning,考研长期型
U0394,2026-08-12,complete_task,四六级冲刺型
U0394,2026-08-12,register,四六级冲刺型
U0394,2026-08-12,start_learning,四六级冲刺型
U0395,2026-08-15,complete_task,兴趣提升型
U0395,2026-08-15,register,兴趣提升型
U0395,2026-08-15,start_learning,兴趣提升型
U0395,2026-08-27,churn_flag,兴趣提升型
U0396,2026-08-18,complete_task,职场提升型
U0396,2026-08-18,register,职场提升型
U0396,2026-08-18,start_learning,职场提升型
U0396,2026-08-19,complete_task,职场提升型
U0396,2026-08-19,open_app,职场提升型
U0396,2026-08-20,complete_task,职场提升型
U0396,2026-08-20,open_app,职场提升型
U0396,2026-08-21,complete_task,职场提升型
U0396,2026-08-21,open_app,职场提升型
U0396,2026-08-21,start_learning,职场提升型
U0396,2026-08-22,complete_task,职场提升型
U0396,2026-08-22,open_app,职场提升型
U0396,2026-08-22,start_learning,职场提升型
U0396,2026-08-24,complete_task,职场提升型
U0396,2026-08-24,open_app,职场提升型
U0396,2026-08-24,start_learning,职场提升型
U0397,2026-08-01,complete_task,考研长期型
U0397,2026-08-01,register,考研长期型
U0397,2026-08-01,start_learning,考研长期型
U0397,2026-08-02,complete_task,考研长期型
U0397,2026-08-02,open_app,考研长期型
U0397,2026-08-04,open_app,考研长期型
U0397,2026-08-04,start_learning,考研长期型
U0397,2026-08-05,open_app,考研长期型
U0397,2026-08-05,start_learning,考研长期型
U0397,2026-08-06,complete_task,考研长期型
U0397,2026-08-06,open_app,考研长期型
U0397,2026-08-06,start_learning,考研长期型
U0397,2026-08-07,complete_task,考研长期型
U0397,2026-08-07,open_app,考研长期型
U0397,2026-08-07,start_learning,考研长期型
U0398,2026-08-04,register,四六级冲刺型
U0399,2026-08-06,register,四六级冲刺型
U0400,2026-08-07,register,托福留学型
U0401,2026-08-20,complete_task,雅思留学型
U0401,2026-08-20,register,雅思留学型
U0401,2026-08-20,start_learning,雅思留学型
U0401,2026-08-21,complete_task,雅思留学型
U0401,2026-08-21,open_app,雅思留学型
U0401,2026-08-21,start_learning,雅思留学型
U0401,2026-08-23,complete_task,雅思留学型
U0401,2026-08-23,open_app,雅思留学型
U0401,2026-08-25,open_app,雅思留学型
U0401,2026-08-25,start_learning,雅思留学型
U0402,2026-08-16,register,考研长期型
U0402,2026-08-16,start_learning,考研长期型
U0402,2026-08-17,complete_task,考研长期型
U0402,2026-08-17,open_app,考研长期型
U0402,2026-08-17,start_learning,考研长期型
U0402,2026-08-18,open_app,考研长期型
U0402,2026-08-18,start_learning,考研长期型
U0402,2026-08-19,complete_task,考研长期型
U0402,2026-08-19,open_app,考研长期型
U0402,2026-08-20,complete_task,考研长期型
U0402,2026-08-20,open_app,考研长期型
U0402,2026-08-20,start_learning,考研长期型
U0402,2026-08-21,complete_task,考研长期型
U0402,2026-08-21,open_app,考研长期型
U0402,2026-08-21,start_learning,考研长期型
U0402,2026-08-22,complete_task,考研长期型
U0402,2026-08-22,open_app,考研长期型
U0402,2026-08-22,start_learning,考研长期型
U0403,2026-08-07,complete_task,四六级冲刺型
U0403,2026-08-07,register,四六级冲刺型
U0403,2026-08-07,start_learning,四六级冲刺型
U0403,2026-08-08,complete_task,四六级冲刺型
U0403,2026-08-08,open_app,四六级冲刺型
U0403,2026-08-08,start_learning,四六级冲刺型
U0403,2026-08-10,complete_task,四六级冲刺型
U0403,2026-08-10,open_app,四六级冲刺型
U0403,2026-08-10,start_learning,四六级冲刺型
U0403,2026-08-11,complete_task,四六级冲刺型
U0403,2026-08-11,open_app,四六级冲刺型
U0403,2026-08-11,start_learning,四六级冲刺型
U0403,2026-08-13,complete_task,四六级冲刺型
U0403,2026-08-13,open_app,四六级冲刺型
U0403,2026-08-13,start_learning,四六级冲刺型
U0403,2026-08-14,open_app,四六级冲刺型
U0403,2026-08-14,start_learning,四六级冲刺型
U0404,2026-08-20,register,雅思留学型
U0405,2026-08-10,complete_task,习惯打卡型
U0405,2026-08-10,register,习惯打卡型
U0405,2026-08-10,start_learning,习惯打卡型
U0406,2026-08-11,complete_task,职业证书型
U0406,2026-08-11,register,职业证书型
U0406,2026-08-11,start_learning,职业证书型
U0407,2026-08-09,complete_task,雅思留学型
U0407,2026-08-09,register,雅思留学型
U0407,2026-08-09,start_learning,雅思留学型
U0407,2026-08-10,complete_task,雅思留学型
U0407,2026-08-10,open_app,雅思留学型
U0407,2026-08-10,start_learning,雅思留学型
U0407,2026-08-11,open_app,雅思留学型
U0407,2026-08-11,start_learning,雅思留学型
U0407,2026-08-12,complete_task,雅思留学型
U0407,2026-08-12,open_app,雅思留学型
U0407,2026-08-12,start_learning,雅思留学型
U0407,2026-08-15,complete_task,雅思留学型
U0407,2026-08-15,open_app,雅思留学型
U0407,2026-08-15,start_learning,雅思留学型
U0407,2026-08-16,complete_task,雅思留学型
U0407,2026-08-16,open_app,雅思留学型
U0407,2026-08-16,start_learning,雅思留学型
U0408,2026-08-03,complete_task,四六级冲刺型
U0408,2026-08-03,register,四六级冲刺型
U0408,2026-08-03,start_learning,四六级冲刺型
U0408,2026-08-04,complete_task,四六级冲刺型
U0408,2026-08-04,open_app,四六级冲刺型
U0408,2026-08-04,start_learning,四六级冲刺型
U0408,2026-08-05,open_app,四六级冲刺型
U0408,2026-08-05,start_learning,四六级冲刺型
U0408,2026-08-06,complete_task,四六级冲刺型
U0408,2026-08-06,open_app,四六级冲刺型
U0408,2026-08-07,open_app,四六级冲刺型
U0408,2026-08-08,complete_task,四六级冲刺型
U0408,2026-08-08,open_app,四六级冲刺型
U0408,2026-08-09,open_app,四六级冲刺型
U0408,2026-08-10,complete_task,四六级冲刺型
U0408,2026-08-10,open_app,四六级冲刺型
U0408,2026-08-10,start_learning,四六级冲刺型
U0409,2026-08-19,register,考研长期型
U0409,2026-08-19,start_learning,考研长期型
U0409,2026-08-20,complete_task,考研长期型
U0409,2026-08-20,open_app,考研长期型
U0409,2026-08-20,start_learning,考研长期型
U0409,2026-08-22,open_app,考研长期型
U0409,2026-08-24,complete_task,考研长期型
U0409,2026-08-24,open_app,考研长期型
U0409,2026-08-24,start_learning,考研长期型
U0409,2026-08-25,open_app,考研长期型
U0409,2026-08-25,start_learning,考研长期型
U0410,2026-08-01,complete_task,考研长期型
U0410,2026-08-01,register,考研长期型
U0410,2026-08-01,start_learning,考研长期型
U0410,2026-08-02,complete_task,考研长期型
U0410,2026-08-02,open_app,考研长期型
U0410,2026-08-03,open_app,考研长期型
U0410,2026-08-03,start_learning,考研长期型
U0410,2026-08-04,complete_task,考研长期型
U0410,2026-08-04,open_app,考研长期型
U0410,2026-08-04,start_learning,考研长期型
U0410,2026-08-05,complete_task,考研长期型
U0410,2026-08-05,open_app,考研长期型
U0410,2026-08-06,open_app,考研长期型
U0410,2026-08-06,start_learning,考研长期型
U0410,2026-08-07,open_app,考研长期型
U0410,2026-08-07,start_learning,考研长期型
U0411,2026-08-04,register,兴趣提升型
U0412,2026-08-05,complete_task,职场提升型
U0412,2026-08-05,register,职场提升型
U0412,2026-08-05,start_learning,职场提升型
U0412,2026-08-06,open_app,职场提升型
U0412,2026-08-06,start_learning,职场提升型
U0412,2026-08-09,open_app,职场提升型
U0412,2026-08-09,start_learning,职场提升型
U0412,2026-08-10,open_app,职场提升型
U0412,2026-08-10,start_learning,职场提升型
U0412,2026-08-11,open_app,职场提升型
U0412,2026-08-11,start_learning,职场提升型
U0413,2026-08-06,complete_task,习惯打卡型
U0413,2026-08-06,register,习惯打卡型
U0413,2026-08-06,start_learning,习惯打卡型
U0413,2026-08-07,open_app,习惯打卡型
U0413,2026-08-07,start_learning,习惯打卡型
U0413,2026-08-11,complete_task,习惯打卡型
U0413,2026-08-11,open_app,习惯打卡型
U0413,2026-08-11,start_learning,习惯打卡型
U0413,2026-08-13,open_app,习惯打卡型
U0413,2026-08-13,start_learning,习惯打卡型
U0414,2026-08-03,complete_task,习惯打卡型
U0414,2026-08-03,register,习惯打卡型
U0414,2026-08-03,start_learning,习惯打卡型
U0414,2026-08-04,open_app,习惯打卡型
U0414,2026-08-04,start_learning,习惯打卡型
U0414,2026-08-06,complete_task,习惯打卡型
U0414,2026-08-06,open_app,习惯打卡型
U0414,2026-08-06,start_learning,习惯打卡型
U0414,2026-08-09,open_app,习惯打卡型
U0414,2026-08-09,start_learning,习惯打卡型
U0414,2026-08-15,churn_flag,习惯打卡型
U0415,2026-08-01,complete_task,习惯打卡型
U0415,2026-08-01,register,习惯打卡型
U0415,2026-08-01,start_learning,习惯打卡型
U0415,2026-08-02,open_app,习惯打卡型
U0415,2026-08-02,start_learning,习惯打卡型
U0415,2026-08-03,complete_task,习惯打卡型
U0415,2026-08-03,open_app,习惯打卡型
U0415,2026-08-03,start_learning,习惯打卡型
U0415,2026-08-05,open_app,习惯打卡型
U0415,2026-08-05,start_learning,习惯打卡型
U0415,2026-08-06,complete_task,习惯打卡型
U0415,2026-08-06,open_app,习惯打卡型
U0415,2026-08-06,start_learning,习惯打卡型
U0415,2026-08-08,complete_task,习惯打卡型
U0415,2026-08-08,open_app,习惯打卡型
U0415,2026-08-08,start_learning,习惯打卡型
U0416,2026-08-14,register,习惯打卡型
U0417,2026-08-20,complete_task,四六级冲刺型
U0417,2026-08-20,register,四六级冲刺型
U0417,2026-08-20,start_learning,四六级冲刺型
U0417,2026-08-21,complete_task,四六级冲刺型
U0417,2026-08-21,open_app,四六级冲刺型
U0417,2026-08-21,start_learning,四六级冲刺型
U0417,2026-08-24,complete_task,四六级冲刺型
U0417,2026-08-24,open_app,四六级冲刺型
U0417,2026-08-24,start_learning,四六级冲刺型
U0417,2026-08-25,complete_task,四六级冲刺型
U0417,2026-08-25,open_app,四六级冲刺型
U0417,2026-08-25,start_learning,四六级冲刺型
U0417,2026-08-26,complete_task,四六级冲刺型
U0417,2026-08-26,open_app,四六级冲刺型
U0417,2026-08-26,start_learning,四六级冲刺型
U0418,2026-08-03,register,四六级冲刺型
U0419,2026-08-06,register,考研长期型
U0419,2026-08-06,start_learning,考研长期型
U0419,2026-08-07,complete_task,考研长期型
U0419,2026-08-07,open_app,考研长期型
U0419,2026-08-07,start_learning,考研长期型
U0419,2026-08-09,open_app,考研长期型
U0419,2026-08-09,start_learning,考研长期型
U0419,2026-08-10,complete_task,考研长期型
U0419,2026-08-10,open_app,考研长期型
U0419,2026-08-11,complete_task,考研长期型
U0419,2026-08-11,open_app,考研长期型
U0419,2026-08-11,start_learning,考研长期型
U0419,2026-08-12,complete_task,考研长期型
U0419,2026-08-12,open_app,考研长期型
U0419,2026-08-12,start_learning,考研长期型
U0420,2026-08-11,complete_task,托福留学型
U0420,2026-08-11,register,托福留学型
U0420,2026-08-11,start_learning,托福留学型
U0420,2026-08-12,open_app,托福留学型
U0420,2026-08-13,open_app,托福留学型
U0420,2026-08-13,start_learning,托福留学型
U0420,2026-08-15,complete_task,托福留学型
U0420,2026-08-15,open_app,托福留学型
U0420,2026-08-16,complete_task,托福留学型
U0420,2026-08-16,open_app,托福留学型
U0420,2026-08-16,start_learning,托福留学型
U0420,2026-08-17,open_app,托福留学型
U0420,2026-08-18,complete_task,托福留学型
U0420,2026-08-18,open_app,托福留学型
U0420,2026-08-18,start_learning,托福留学型
U0421,2026-08-19,register,四六级冲刺型
U0421,2026-08-19,start_learning,四六级冲刺型
U0421,2026-08-26,complete_task,四六级冲刺型
U0421,2026-08-26,open_app,四六级冲刺型
U0421,2026-08-26,start_learning,四六级冲刺型
U0422,2026-08-14,register,职场提升型
U0423,2026-08-16,complete_task,职业证书型
U0423,2026-08-16,register,职业证书型
U0423,2026-08-16,start_learning,职业证书型
U0423,2026-08-23,complete_task,职业证书型
U0423,2026-08-23,open_app,职业证书型
U0423,2026-08-23,start_learning,职业证书型
U0424,2026-08-12,register,托福留学型
U0425,2026-08-09,register,四六级冲刺型
U0426,2026-08-04,complete_task,考研长期型
U0426,2026-08-04,register,考研长期型
U0426,2026-08-04,start_learning,考研长期型
U0426,2026-08-14,churn_flag,考研长期型
U0427,2026-08-18,register,四六级冲刺型
U0427,2026-08-18,start_learning,四六级冲刺型
U0427,2026-08-19,open_app,四六级冲刺型
U0427,2026-08-22,open_app,四六级冲刺型
U0427,2026-08-22,start_learning,四六级冲刺型
U0427,2026-08-26,churn_flag,四六级冲刺型
U0428,2026-08-17,register,职场提升型
U0429,2026-08-01,register,托福留学型
U0430,2026-08-15,complete_task,兴趣提升型
U0430,2026-08-15,register,兴趣提升型
U0430,2026-08-15,start_learning,兴趣提升型
U0430,2026-08-24,churn_flag,兴趣提升型
U0431,2026-08-02,complete_task,考研长期型
U0431,2026-08-02,register,考研长期型
U0431,2026-08-02,start_learning,考研长期型
U0431,2026-08-03,complete_task,考研长期型
U0431,2026-08-03,open_app,考研长期型
U0431,2026-08-03,start_learning,考研长期型
U0431,2026-08-07,complete_task,考研长期型
U0431,2026-08-07,open_app,考研长期型
U0431,2026-08-07,start_learning,考研长期型
U0431,2026-08-09,open_app,考研长期型
U0431,2026-08-09,start_learning,考研长期型
U0432,2026-08-15,register,考研长期型
U0433,2026-08-17,complete_task,雅思留学型
U0433,2026-08-17,register,雅思留学型
U0433,2026-08-17,start_learning,雅思留学型
U0433,2026-08-18,open_app,雅思留学型
U0433,2026-08-18,start_learning,雅思留学型
U0433,2026-08-21,open_app,雅思留学型
U0433,2026-08-22,complete_task,雅思留学型
U0433,2026-08-22,open_app,雅思留学型
U0434,2026-08-03,register,兴趣提升型
U0435,2026-08-09,complete_task,兴趣提升型
U0435,2026-08-09,register,兴趣提升型
U0435,2026-08-09,start_learning,兴趣提升型
U0435,2026-08-23,churn_flag,兴趣提升型
U0436,2026-08-03,register,四六级冲刺型
U0436,2026-08-03,start_learning,四六级冲刺型
U0437,2026-08-12,complete_task,习惯打卡型
U0437,2026-08-12,register,习惯打卡型
U0437,2026-08-12,start_learning,习惯打卡型
U0437,2026-08-13,open_app,习惯打卡型
U0437,2026-08-13,start_learning,习惯打卡型
U0437,2026-08-16,complete_task,习惯打卡型
U0437,2026-08-16,open_app,习惯打卡型
U0437,2026-08-16,start_learning,习惯打卡型
U0437,2026-08-17,open_app,习惯打卡型
U0437,2026-08-17,start_learning,习惯打卡型
U0438,2026-08-19,complete_task,四六级冲刺型
U0438,2026-08-19,register,四六级冲刺型
U0438,2026-08-19,start_learning,四六级冲刺型
U0438,2026-08-20,open_app,四六级冲刺型
U0438,2026-08-20,start_learning,四六级冲刺型
U0438,2026-08-22,complete_task,四六级冲刺型
U0438,2026-08-22,open_app,四六级冲刺型
U0438,2026-08-22,start_learning,四六级冲刺型
U0438,2026-08-24,open_app,四六级冲刺型
U0438,2026-08-24,start_learning,四六级冲刺型
U0438,2026-08-26,complete_task,四六级冲刺型
U0438,2026-08-26,open_app,四六级冲刺型
U0438,2026-08-26,start_learning,四六级冲刺型
U0439,2026-08-02,complete_task,职场提升型
U0439,2026-08-02,register,职场提升型
U0439,2026-08-02,start_learning,职场提升型
U0440,2026-08-08,complete_task,四六级冲刺型
U0440,2026-08-08,register,四六级冲刺型
U0440,2026-08-08,start_learning,四六级冲刺型
U0440,2026-08-09,complete_task,四六级冲刺型
U0440,2026-08-09,open_app,四六级冲刺型
U0440,2026-08-09,start_learning,四六级冲刺型
U0440,2026-08-10,open_app,四六级冲刺型
U0440,2026-08-11,open_app,四六级冲刺型
U0440,2026-08-11,start_learning,四六级冲刺型
U0440,2026-08-14,complete_task,四六级冲刺型
U0440,2026-08-14,open_app,四六级冲刺型
U0440,2026-08-14,start_learning,四六级冲刺型
U0441,2026-08-20,complete_task,考研长期型
U0441,2026-08-20,register,考研长期型
U0441,2026-08-20,start_learning,考研长期型
U0441,2026-08-21,complete_task,考研长期型
U0441,2026-08-21,open_app,考研长期型
U0441,2026-08-21,start_learning,考研长期型
U0441,2026-08-25,open_app,考研长期型
U0441,2026-08-26,open_app,考研长期型
U0441,2026-08-26,start_learning,考研长期型
U0441,2026-08-27,complete_task,考研长期型
U0441,2026-08-27,open_app,考研长期型
U0441,2026-08-27,start_learning,考研长期型
U0441,2026-09-02,churn_flag,考研长期型
U0441,2026-09-04,reactivate,考研长期型
U0441,2026-09-04,start_learning,考研长期型
U0442,2026-08-07,complete_task,职场提升型
U0442,2026-08-07,register,职场提升型
U0442,2026-08-07,start_learning,职场提升型
U0442,2026-08-18,churn_flag,职场提升型
U0442,2026-08-22,reactivate,职场提升型
U0442,2026-08-22,start_learning,职场提升型
U0443,2026-08-03,register,四六级冲刺型
U0444,2026-08-10,complete_task,雅思留学型
U0444,2026-08-10,register,雅思留学型
U0444,2026-08-10,start_learning,雅思留学型
U0444,2026-08-11,open_app,雅思留学型
U0444,2026-08-11,start_learning,雅思留学型
U0444,2026-08-12,open_app,雅思留学型
U0444,2026-08-13,complete_task,雅思留学型
U0444,2026-08-13,open_app,雅思留学型
U0444,2026-08-15,complete_task,雅思留学型
U0444,2026-08-15,open_app,雅思留学型
U0444,2026-08-16,complete_task,雅思留学型
U0444,2026-08-16,open_app,雅思留学型
U0444,2026-08-17,open_app,雅思留学型
U0444,2026-08-17,start_learning,雅思留学型
U0445,2026-08-11,register,雅思留学型
U0446,2026-08-14,complete_task,考研长期型
U0446,2026-08-14,register,考研长期型
U0446,2026-08-14,start_learning,考研长期型
U0446,2026-08-15,open_app,考研长期型
U0446,2026-08-15,start_learning,考研长期型
U0446,2026-08-16,complete_task,考研长期型
U0446,2026-08-16,open_app,考研长期型
U0446,2026-08-16,start_learning,考研长期型
U0446,2026-08-17,open_app,考研长期型
U0446,2026-08-17,start_learning,考研长期型
U0446,2026-08-20,complete_task,考研长期型
U0446,2026-08-20,open_app,考研长期型
U0446,2026-08-20,start_learning,考研长期型
U0447,2026-08-07,complete_task,兴趣提升型
U0447,2026-08-07,register,兴趣提升型
U0447,2026-08-07,start_learning,兴趣提升型
U0448,2026-08-20,register,职场提升型
U0448,2026-08-20,start_learning,职场提升型
U0448,2026-08-21,complete_task,职场提升型
U0448,2026-08-21,open_app,职场提升型
U0448,2026-08-21,start_learning,职场提升型
U0448,2026-08-22,complete_task,职场提升型
U0448,2026-08-22,open_app,职场提升型
U0448,2026-08-22,start_learning,职场提升型
U0448,2026-08-23,open_app,职场提升型
U0448,2026-08-23,start_learning,职场提升型
U0448,2026-08-26,complete_task,职场提升型
U0448,2026-08-26,open_app,职场提升型
U0448,2026-08-27,complete_task,职场提升型
U0448,2026-08-27,open_app,职场提升型
U0448,2026-08-27,start_learning,职场提升型
U0449,2026-08-11,complete_task,职场提升型
U0449,2026-08-11,register,职场提升型
U0449,2026-08-11,start_learning,职场提升型
U0449,2026-08-12,complete_task,职场提升型
U0449,2026-08-12,open_app,职场提升型
U0449,2026-08-12,start_learning,职场提升型
U0449,2026-08-13,open_app,职场提升型
U0449,2026-08-13,start_learning,职场提升型
U0449,2026-08-15,complete_task,职场提升型
U0449,2026-08-15,open_app,职场提升型
U0449,2026-08-15,start_learning,职场提升型
U0449,2026-08-16,complete_task,职场提升型
U0449,2026-08-16,open_app,职场提升型
U0449,2026-08-16,start_learning,职场提升型
U0449,2026-08-17,complete_task,职场提升型
U0449,2026-08-17,open_app,职场提升型
U0449,2026-08-17,start_learning,职场提升型
U0450,2026-08-06,complete_task,考研长期型
U0450,2026-08-06,register,考研长期型
U0450,2026-08-06,start_learning,考研长期型
U0450,2026-08-07,complete_task,考研长期型
U0450,2026-08-07,open_app,考研长期型
U0450,2026-08-07,start_learning,考研长期型
U0450,2026-08-10,complete_task,考研长期型
U0450,2026-08-10,open_app,考研长期型
U0450,2026-08-10,start_learning,考研长期型
U0450,2026-08-11,complete_task,考研长期型
U0450,2026-08-11,open_app,考研长期型
U0450,2026-08-11,start_learning,考研长期型
U0451,2026-08-20,complete_task,托福留学型
U0451,2026-08-20,register,托福留学型
U0451,2026-08-20,start_learning,托福留学型
U0451,2026-08-21,open_app,托福留学型
U0451,2026-08-21,start_learning,托福留学型
U0451,2026-08-22,open_app,托福留学型
U0451,2026-08-22,start_learning,托福留学型
U0451,2026-08-26,open_app,托福留学型
U0451,2026-08-26,start_learning,托福留学型
U0452,2026-08-19,complete_task,考研长期型
U0452,2026-08-19,register,考研长期型
U0452,2026-08-19,start_learning,考研长期型
U0452,2026-08-20,complete_task,考研长期型
U0452,2026-08-20,open_app,考研长期型
U0452,2026-08-20,start_learning,考研长期型
U0452,2026-08-21,open_app,考研长期型
U0452,2026-08-21,start_learning,考研长期型
U0452,2026-08-26,complete_task,考研长期型
U0452,2026-08-26,open_app,考研长期型
U0452,2026-08-26,start_learning,考研长期型
U0452,2026-09-01,churn_flag,考研长期型
U0452,2026-09-08,reactivate,考研长期型
U0452,2026-09-08,start_learning,考研长期型
U0453,2026-08-10,register,考研长期型
U0454,2026-08-01,register,四六级冲刺型
U0455,2026-08-12,register,习惯打卡型
U0456,2026-08-12,register,职场提升型
U0457,2026-08-03,register,兴趣提升型
U0458,2026-08-13,register,雅思留学型
U0458,2026-08-13,start_learning,雅思留学型
U0458,2026-08-22,churn_flag,雅思留学型
U0458,2026-08-27,reactivate,雅思留学型
U0458,2026-08-27,start_learning,雅思留学型
U0459,2026-08-17,complete_task,雅思留学型
U0459,2026-08-17,register,雅思留学型
U0459,2026-08-17,start_learning,雅思留学型
U0459,2026-08-18,complete_task,雅思留学型
U0459,2026-08-18,open_app,雅思留学型
U0459,2026-08-18,start_learning,雅思留学型
U0459,2026-08-22,complete_task,雅思留学型
U0459,2026-08-22,open_app,雅思留学型
U0459,2026-08-22,start_learning,雅思留学型
U0459,2026-08-23,open_app,雅思留学型
U0459,2026-08-23,start_learning,雅思留学型
U0460,2026-08-03,complete_task,托福留学型
U0460,2026-08-03,register,托福留学型
U0460,2026-08-03,start_learning,托福留学型
U0460,2026-08-04,complete_task,托福留学型
U0460,2026-08-04,open_app,托福留学型
U0460,2026-08-04,start_learning,托福留学型
U0460,2026-08-05,open_app,托福留学型
U0460,2026-08-05,start_learning,托福留学型
U0460,2026-08-06,complete_task,托福留学型
U0460,2026-08-06,open_app,托福留学型
U0460,2026-08-06,start_learning,托福留学型
U0460,2026-08-07,open_app,托福留学型
U0460,2026-08-07,start_learning,托福留学型
U0460,2026-08-10,complete_task,托福留学型
U0460,2026-08-10,open_app,托福留学型
U0460,2026-08-10,start_learning,托福留学型
U0461,2026-08-15,register,托福留学型
U0461,2026-08-15,start_learning,托福留学型
U0461,2026-08-16,complete_task,托福留学型
U0461,2026-08-16,open_app,托福留学型
U0461,2026-08-16,start_learning,托福留学型
U0461,2026-08-17,complete_task,托福留学型
U0461,2026-08-17,open_app,托福留学型
U0461,2026-08-18,open_app,托福留学型
U0461,2026-08-18,start_learning,托福留学型
U0461,2026-08-21,open_app,托福留学型
U0461,2026-08-21,start_learning,托福留学型
U0461,2026-08-22,complete_task,托福留学型
U0461,2026-08-22,open_app,托福留学型
U0461,2026-08-22,start_learning,托福留学型
U0462,2026-08-03,complete_task,雅思留学型
U0462,2026-08-03,register,雅思留学型
U0462,2026-08-03,start_learning,雅思留学型
U0462,2026-08-17,churn_flag,雅思留学型
U0462,2026-08-19,reactivate,雅思留学型
U0462,2026-08-19,start_learning,雅思留学型
U0463,2026-08-15,complete_task,四六级冲刺型
U0463,2026-08-15,register,四六级冲刺型
U0463,2026-08-15,start_learning,四六级冲刺型
U0463,2026-08-16,open_app,四六级冲刺型
U0463,2026-08-16,start_learning,四六级冲刺型
U0463,2026-08-17,complete_task,四六级冲刺型
U0463,2026-08-17,open_app,四六级冲刺型
U0463,2026-08-17,start_learning,四六级冲刺型
U0463,2026-08-19,complete_task,四六级冲刺型
U0463,2026-08-19,open_app,四六级冲刺型
U0463,2026-08-19,start_learning,四六级冲刺型
U0463,2026-08-22,open_app,四六级冲刺型
U0463,2026-08-22,start_learning,四六级冲刺型
U0464,2026-08-09,complete_task,四六级冲刺型
U0464,2026-08-09,register,四六级冲刺型
U0464,2026-08-09,start_learning,四六级冲刺型
U0464,2026-08-10,complete_task,四六级冲刺型
U0464,2026-08-10,open_app,四六级冲刺型
U0464,2026-08-10,start_learning,四六级冲刺型
U0464,2026-08-11,complete_task,四六级冲刺型
U0464,2026-08-11,open_app,四六级冲刺型
U0464,2026-08-13,open_app,四六级冲刺型
U0464,2026-08-13,start_learning,四六级冲刺型
U0464,2026-08-14,complete_task,四六级冲刺型
U0464,2026-08-14,open_app,四六级冲刺型
U0464,2026-08-14,start_learning,四六级冲刺型
U0464,2026-08-16,complete_task,四六级冲刺型
U0464,2026-08-16,open_app,四六级冲刺型
U0464,2026-08-16,start_learning,四六级冲刺型
U0465,2026-08-01,complete_task,习惯打卡型
U0465,2026-08-01,register,习惯打卡型
U0465,2026-08-01,start_learning,习惯打卡型
U0465,2026-08-02,complete_task,习惯打卡型
U0465,2026-08-02,open_app,习惯打卡型
U0465,2026-08-02,start_learning,习惯打卡型
U0465,2026-08-05,complete_task,习惯打卡型
U0465,2026-08-05,open_app,习惯打卡型
U0465,2026-08-05,start_learning,习惯打卡型
U0465,2026-08-07,complete_task,习惯打卡型
U0465,2026-08-07,open_app,习惯打卡型
U0465,2026-08-07,start_learning,习惯打卡型
U0465,2026-08-08,complete_task,习惯打卡型
U0465,2026-08-08,open_app,习惯打卡型
U0465,2026-08-08,start_learning,习惯打卡型
U0465,2026-08-14,churn_flag,习惯打卡型
U0466,2026-08-20,complete_task,雅思留学型
U0466,2026-08-20,register,雅思留学型
U0466,2026-08-20,start_learning,雅思留学型
U0467,2026-08-04,register,习惯打卡型
U0468,2026-08-12,register,四六级冲刺型
U0469,2026-08-04,register,托福留学型
U0470,2026-08-19,complete_task,四六级冲刺型
U0470,2026-08-19,register,四六级冲刺型
U0470,2026-08-19,start_learning,四六级冲刺型
U0470,2026-08-20,complete_task,四六级冲刺型
U0470,2026-08-20,open_app,四六级冲刺型
U0470,2026-08-20,start_learning,四六级冲刺型
U0470,2026-08-21,open_app,四六级冲刺型
U0470,2026-08-21,start_learning,四六级冲刺型
U0470,2026-08-24,open_app,四六级冲刺型
U0470,2026-08-24,start_learning,四六级冲刺型
U0471,2026-08-15,complete_task,考研长期型
U0471,2026-08-15,register,考研长期型
U0471,2026-08-15,start_learning,考研长期型
U0472,2026-08-17,complete_task,四六级冲刺型
U0472,2026-08-17,register,四六级冲刺型
U0472,2026-08-17,start_learning,四六级冲刺型
U0473,2026-08-09,complete_task,四六级冲刺型
U0473,2026-08-09,register,四六级冲刺型
U0473,2026-08-09,start_learning,四六级冲刺型
U0473,2026-08-10,open_app,四六级冲刺型
U0473,2026-08-10,start_learning,四六级冲刺型
U0473,2026-08-12,open_app,四六级冲刺型
U0473,2026-08-12,start_learning,四六级冲刺型
U0473,2026-08-13,open_app,四六级冲刺型
U0473,2026-08-13,start_learning,四六级冲刺型
U0473,2026-08-15,complete_task,四六级冲刺型
U0473,2026-08-15,open_app,四六级冲刺型
U0473,2026-08-15,start_learning,四六级冲刺型
U0473,2026-08-16,complete_task,四六级冲刺型
U0473,2026-08-16,open_app,四六级冲刺型
U0473,2026-08-16,start_learning,四六级冲刺型
U0474,2026-08-10,complete_task,习惯打卡型
U0474,2026-08-10,register,习惯打卡型
U0474,2026-08-10,start_learning,习惯打卡型
U0475,2026-08-13,complete_task,考研长期型
U0475,2026-08-13,register,考研长期型
U0475,2026-08-13,start_learning,考研长期型
U0475,2026-08-14,complete_task,考研长期型
U0475,2026-08-14,open_app,考研长期型
U0475,2026-08-14,start_learning,考研长期型
U0475,2026-08-15,open_app,考研长期型
U0475,2026-08-15,start_learning,考研长期型
U0475,2026-08-16,complete_task,考研长期型
U0475,2026-08-16,open_app,考研长期型
U0475,2026-08-16,start_learning,考研长期型
U0475,2026-08-18,complete_task,考研长期型
U0475,2026-08-18,open_app,考研长期型
U0475,2026-08-18,start_learning,考研长期型
U0475,2026-08-20,complete_task,考研长期型
U0475,2026-08-20,open_app,考研长期型
U0475,2026-08-20,start_learning,考研长期型
U0476,2026-08-16,complete_task,职业证书型
U0476,2026-08-16,register,职业证书型
U0476,2026-08-16,start_learning,职业证书型
U0476,2026-08-17,complete_task,职业证书型
U0476,2026-08-17,open_app,职业证书型
U0476,2026-08-17,start_learning,职业证书型
U0476,2026-08-18,complete_task,职业证书型
U0476,2026-08-18,open_app,职业证书型
U0476,2026-08-18,start_learning,职业证书型
U0476,2026-08-19,complete_task,职业证书型
U0476,2026-08-19,open_app,职业证书型
U0476,2026-08-21,complete_task,职业证书型
U0476,2026-08-21,open_app,职业证书型
U0476,2026-08-21,start_learning,职业证书型
U0476,2026-08-22,open_app,职业证书型
U0476,2026-08-22,start_learning,职业证书型
U0477,2026-08-17,complete_task,雅思留学型
U0477,2026-08-17,register,雅思留学型
U0477,2026-08-17,start_learning,雅思留学型
U0477,2026-08-26,churn_flag,雅思留学型
U0478,2026-08-01,complete_task,雅思留学型
U0478,2026-08-01,register,雅思留学型
U0478,2026-08-01,start_learning,雅思留学型
U0479,2026-08-14,register,托福留学型
U0479,2026-08-14,start_learning,托福留学型
U0479,2026-08-28,churn_flag,托福留学型
U0480,2026-08-03,register,四六级冲刺型
U0480,2026-08-03,start_learning,四六级冲刺型
U0480,2026-08-04,open_app,四六级冲刺型
U0480,2026-08-04,start_learning,四六级冲刺型
U0480,2026-08-05,complete_task,四六级冲刺型
U0480,2026-08-05,open_app,四六级冲刺型
U0480,2026-08-07,complete_task,四六级冲刺型
U0480,2026-08-07,open_app,四六级冲刺型
U0480,2026-08-07,start_learning,四六级冲刺型
U0480,2026-08-08,complete_task,四六级冲刺型
U0480,2026-08-08,open_app,四六级冲刺型
U0480,2026-08-08,start_learning,四六级冲刺型
U0480,2026-08-09,complete_task,四六级冲刺型
U0480,2026-08-09,open_app,四六级冲刺型
U0480,2026-08-09,start_learning,四六级冲刺型
U0481,2026-08-06,complete_task,习惯打卡型
U0481,2026-08-06,register,习惯打卡型
U0481,2026-08-06,start_learning,习惯打卡型
U0481,2026-08-07,complete_task,习惯打卡型
U0481,2026-08-07,open_app,习惯打卡型
U0481,2026-08-07,start_learning,习惯打卡型
U0481,2026-08-10,complete_task,习惯打卡型
U0481,2026-08-10,open_app,习惯打卡型
U0482,2026-08-17,register,职场提升型
U0483,2026-08-06,complete_task,兴趣提升型
U0483,2026-08-06,register,兴趣提升型
U0483,2026-08-06,start_learning,兴趣提升型
U0483,2026-08-17,churn_flag,兴趣提升型
U0483,2026-08-24,reactivate,兴趣提升型
U0483,2026-08-24,start_learning,兴趣提升型
U0484,2026-08-16,complete_task,雅思留学型
U0484,2026-08-16,register,雅思留学型
U0484,2026-08-16,start_learning,雅思留学型
U0484,2026-08-17,complete_task,雅思留学型
U0484,2026-08-17,open_app,雅思留学型
U0484,2026-08-17,start_learning,雅思留学型
U0484,2026-08-20,complete_task,雅思留学型
U0484,2026-08-20,open_app,雅思留学型
U0484,2026-08-20,start_learning,雅思留学型
U0484,2026-08-23,open_app,雅思留学型
U0484,2026-08-23,start_learning,雅思留学型
U0485,2026-08-10,complete_task,四六级冲刺型
U0485,2026-08-10,register,四六级冲刺型
U0485,2026-08-10,start_learning,四六级冲刺型
U0485,2026-08-11,complete_task,四六级冲刺型
U0485,2026-08-11,open_app,四六级冲刺型
U0485,2026-08-11,start_learning,四六级冲刺型
U0485,2026-08-12,complete_task,四六级冲刺型
U0485,2026-08-12,open_app,四六级冲刺型
U0485,2026-08-14,complete_task,四六级冲刺型
U0485,2026-08-14,open_app,四六级冲刺型
U0485,2026-08-15,complete_task,四六级冲刺型
U0485,2026-08-15,open_app,四六级冲刺型
U0485,2026-08-15,start_learning,四六级冲刺型
U0486,2026-08-05,register,习惯打卡型
U0487,2026-08-07,complete_task,考研长期型
U0487,2026-08-07,register,考研长期型
U0487,2026-08-07,start_learning,考研长期型
U0487,2026-08-08,open_app,考研长期型
U0487,2026-08-08,start_learning,考研长期型
U0487,2026-08-12,open_app,考研长期型
U0487,2026-08-12,start_learning,考研长期型
U0488,2026-08-11,complete_task,四六级冲刺型
U0488,2026-08-11,register,四六级冲刺型
U0488,2026-08-11,start_learning,四六级冲刺型
U0489,2026-08-16,complete_task,考研长期型
U0489,2026-08-16,register,考研长期型
U0489,2026-08-16,start_learning,考研长期型
U0489,2026-08-17,complete_task,考研长期型
U0489,2026-08-17,open_app,考研长期型
U0489,2026-08-18,open_app,考研长期型
U0489,2026-08-18,start_learning,考研长期型
U0489,2026-08-20,complete_task,考研长期型
U0489,2026-08-20,open_app,考研长期型
U0489,2026-08-21,complete_task,考研长期型
U0489,2026-08-21,open_app,考研长期型
U0489,2026-08-21,start_learning,考研长期型
U0489,2026-08-26,churn_flag,考研长期型
U0490,2026-08-13,complete_task,兴趣提升型
U0490,2026-08-13,register,兴趣提升型
U0490,2026-08-13,start_learning,兴趣提升型
U0490,2026-08-14,complete_task,兴趣提升型
U0490,2026-08-14,open_app,兴趣提升型
U0490,2026-08-15,open_app,兴趣提升型
U0490,2026-08-15,start_learning,兴趣提升型
U0490,2026-08-18,complete_task,兴趣提升型
U0490,2026-08-18,open_app,兴趣提升型
U0490,2026-08-19,complete_task,兴趣提升型
U0490,2026-08-19,open_app,兴趣提升型
U0490,2026-08-20,complete_task,兴趣提升型
U0490,2026-08-20,open_app,兴趣提升型
U0490,2026-08-20,start_learning,兴趣提升型
U0491,2026-08-19,complete_task,职业证书型
U0491,2026-08-19,register,职业证书型
U0491,2026-08-19,start_learning,职业证书型
U0491,2026-09-02,churn_flag,职业证书型
U0492,2026-08-18,register,兴趣提升型
U0493,2026-08-16,complete_task,兴趣提升型
U0493,2026-08-16,register,兴趣提升型
U0493,2026-08-16,start_learning,兴趣提升型
U0493,2026-08-17,complete_task,兴趣提升型
U0493,2026-08-17,open_app,兴趣提升型
U0493,2026-08-17,start_learning,兴趣提升型
U0493,2026-08-20,complete_task,兴趣提升型
U0493,2026-08-20,open_app,兴趣提升型
U0493,2026-08-20,start_learning,兴趣提升型
U0493,2026-08-21,complete_task,兴趣提升型
U0493,2026-08-21,open_app,兴趣提升型
U0493,2026-08-21,start_learning,兴趣提升型
U0493,2026-08-24,churn_flag,兴趣提升型
U0493,2026-08-28,reactivate,兴趣提升型
U0493,2026-08-28,start_learning,兴趣提升型
U0494,2026-08-13,register,四六级冲刺型
U0495,2026-08-06,complete_task,习惯打卡型
U0495,2026-08-06,register,习惯打卡型
U0495,2026-08-06,start_learning,习惯打卡型
U0495,2026-08-07,open_app,习惯打卡型
U0495,2026-08-07,start_learning,习惯打卡型
U0495,2026-08-08,complete_task,习惯打卡型
U0495,2026-08-08,open_app,习惯打卡型
U0495,2026-08-08,start_learning,习惯打卡型
U0495,2026-08-09,complete_task,习惯打卡型
U0495,2026-08-09,open_app,习惯打卡型
U0495,2026-08-09,start_learning,习惯打卡型
U0495,2026-08-10,complete_task,习惯打卡型
U0495,2026-08-10,open_app,习惯打卡型
U0495,2026-08-10,start_learning,习惯打卡型
U0495,2026-08-13,complete_task,习惯打卡型
U0495,2026-08-13,open_app,习惯打卡型
U0495,2026-08-13,start_learning,习惯打卡型
U0496,2026-08-09,register,雅思留学型
U0497,2026-08-03,complete_task,职业证书型
U0497,2026-08-03,register,职业证书型
U0497,2026-08-03,start_learning,职业证书型
U0498,2026-08-08,complete_task,四六级冲刺型
U0498,2026-08-08,register,四六级冲刺型
U0498,2026-08-08,start_learning,四六级冲刺型
U0499,2026-08-19,register,习惯打卡型
U0500,2026-08-09,complete_task,考研长期型
U0500,2026-08-09,register,考研长期型
U0500,2026-08-09,start_learning,考研长期型
U0500,2026-08-10,open_app,考研长期型
U0500,2026-08-10,start_learning,考研长期型
U0500,2026-08-12,complete_task,考研长期型
U0500,2026-08-12,open_app,考研长期型
U0500,2026-08-12,start_learning,考研长期型
U0500,2026-08-14,open_app,考研长期型
U0500,2026-08-14,start_learning,考研长期型
U0500,2026-08-15,open_app,考研长期型
U0500,2026-08-15,start_learning,考研长期型
U0500,2026-08-16,open_app,考研长期型
U0500,2026-08-16,start_learning,考研长期型
U0501,2026-08-03,register,四六级冲刺型
U0502,2026-08-14,complete_task,雅思留学型
U0502,2026-08-14,register,雅思留学型
U0502,2026-08-14,start_learning,雅思留学型
U0502,2026-08-22,churn_flag,雅思留学型
U0503,2026-08-20,complete_task,四六级冲刺型
U0503,2026-08-20,register,四六级冲刺型
U0503,2026-08-20,start_learning,四六级冲刺型
U0503,2026-08-21,complete_task,四六级冲刺型
U0503,2026-08-21,open_app,四六级冲刺型
U0503,2026-08-21,start_learning,四六级冲刺型
U0503,2026-08-26,complete_task,四六级冲刺型
U0503,2026-08-26,open_app,四六级冲刺型
U0503,2026-08-26,start_learning,四六级冲刺型
U0504,2026-08-18,register,四六级冲刺型
U0504,2026-08-18,start_learning,四六级冲刺型
U0504,2026-08-19,complete_task,四六级冲刺型
U0504,2026-08-19,open_app,四六级冲刺型
U0504,2026-08-20,complete_task,四六级冲刺型
U0504,2026-08-20,open_app,四六级冲刺型
U0504,2026-08-20,start_learning,四六级冲刺型
U0504,2026-08-23,open_app,四六级冲刺型
U0504,2026-08-23,start_learning,四六级冲刺型
U0504,2026-08-25,open_app,四六级冲刺型
U0504,2026-08-25,start_learning,四六级冲刺型
U0504,2026-08-26,churn_flag,四六级冲刺型
U0505,2026-08-06,complete_task,职业证书型
U0505,2026-08-06,register,职业证书型
U0505,2026-08-06,start_learning,职业证书型
U0505,2026-08-07,open_app,职业证书型
U0505,2026-08-07,start_learning,职业证书型
U0505,2026-08-08,open_app,职业证书型
U0505,2026-08-08,start_learning,职业证书型
U0505,2026-08-10,open_app,职业证书型
U0505,2026-08-10,start_learning,职业证书型
U0505,2026-08-11,complete_task,职业证书型
U0505,2026-08-11,open_app,职业证书型
U0505,2026-08-11,start_learning,职业证书型
U0505,2026-08-12,complete_task,职业证书型
U0505,2026-08-12,open_app,职业证书型
U0505,2026-08-13,complete_task,职业证书型
U0505,2026-08-13,open_app,职业证书型
U0505,2026-08-13,start_learning,职业证书型
U0505,2026-08-16,churn_flag,职业证书型
U0506,2026-08-10,complete_task,考研长期型
U0506,2026-08-10,register,考研长期型
U0506,2026-08-10,start_learning,考研长期型
U0506,2026-08-11,complete_task,考研长期型
U0506,2026-08-11,open_app,考研长期型
U0506,2026-08-11,start_learning,考研长期型
U0506,2026-08-13,open_app,考研长期型
U0506,2026-08-13,start_learning,考研长期型
U0506,2026-08-14,complete_task,考研长期型
U0506,2026-08-14,open_app,考研长期型
U0506,2026-08-15,complete_task,考研长期型
U0506,2026-08-15,open_app,考研长期型
U0507,2026-08-11,register,习惯打卡型
U0508,2026-08-05,register,考研长期型
U0508,2026-08-05,start_learning,考研长期型
U0508,2026-08-06,complete_task,考研长期型
U0508,2026-08-06,open_app,考研长期型
U0508,2026-08-06,start_learning,考研长期型
U0508,2026-08-08,complete_task,考研长期型
U0508,2026-08-08,open_app,考研长期型
U0508,2026-08-09,complete_task,考研长期型
U0508,2026-08-09,open_app,考研长期型
U0508,2026-08-09,start_learning,考研长期型
U0508,2026-08-11,complete_task,考研长期型
U0508,2026-08-11,open_app,考研长期型
U0508,2026-08-11,start_learning,考研长期型
U0509,2026-08-06,register,兴趣提升型
U0510,2026-08-05,complete_task,雅思留学型
U0510,2026-08-05,register,雅思留学型
U0510,2026-08-05,start_learning,雅思留学型
U0511,2026-08-20,complete_task,职业证书型
U0511,2026-08-20,register,职业证书型
U0511,2026-08-20,start_learning,职业证书型
U0512,2026-08-15,register,托福留学型
U0513,2026-08-17,complete_task,雅思留学型
U0513,2026-08-17,register,雅思留学型
U0513,2026-08-17,start_learning,雅思留学型
U0513,2026-08-18,complete_task,雅思留学型
U0513,2026-08-18,open_app,雅思留学型
U0513,2026-08-18,start_learning,雅思留学型
U0513,2026-08-19,open_app,雅思留学型
U0513,2026-08-20,open_app,雅思留学型
U0513,2026-08-20,start_learning,雅思留学型
U0513,2026-08-21,open_app,雅思留学型
U0513,2026-08-22,complete_task,雅思留学型
U0513,2026-08-22,open_app,雅思留学型
U0513,2026-08-22,start_learning,雅思留学型
U0513,2026-08-23,complete_task,雅思留学型
U0513,2026-08-23,open_app,雅思留学型
U0513,2026-08-23,start_learning,雅思留学型
U0513,2026-08-24,complete_task,雅思留学型
U0513,2026-08-24,open_app,雅思留学型
U0513,2026-08-24,start_learning,雅思留学型
U0513,2026-08-26,churn_flag,雅思留学型
U0514,2026-08-17,register,习惯打卡型
U0514,2026-08-17,start_learning,习惯打卡型
U0514,2026-08-18,complete_task,习惯打卡型
U0514,2026-08-18,open_app,习惯打卡型
U0514,2026-08-18,start_learning,习惯打卡型
U0514,2026-08-20,complete_task,习惯打卡型
U0514,2026-08-20,open_app,习惯打卡型
U0514,2026-08-20,start_learning,习惯打卡型
U0514,2026-08-22,open_app,习惯打卡型
U0514,2026-08-22,start_learning,习惯打卡型
U0514,2026-08-23,open_app,习惯打卡型
U0514,2026-08-23,start_learning,习惯打卡型
U0514,2026-08-24,complete_task,习惯打卡型
U0514,2026-08-24,open_app,习惯打卡型
U0514,2026-08-24,start_learning,习惯打卡型
U0515,2026-08-20,register,考研长期型
U0515,2026-08-20,start_learning,考研长期型
U0515,2026-08-30,churn_flag,考研长期型
U0516,2026-08-03,register,四六级冲刺型
U0516,2026-08-03,start_learning,四六级冲刺型
U0516,2026-08-04,complete_task,四六级冲刺型
U0516,2026-08-04,open_app,四六级冲刺型
U0516,2026-08-05,open_app,四六级冲刺型
U0516,2026-08-05,start_learning,四六级冲刺型
U0516,2026-08-06,open_app,四六级冲刺型
U0516,2026-08-06,start_learning,四六级冲刺型
U0516,2026-08-07,open_app,四六级冲刺型
U0516,2026-08-07,start_learning,四六级冲刺型
U0516,2026-08-08,complete_task,四六级冲刺型
U0516,2026-08-08,open_app,四六级冲刺型
U0516,2026-08-08,start_learning,四六级冲刺型
U0516,2026-08-10,open_app,四六级冲刺型
U0516,2026-08-10,start_learning,四六级冲刺型
U0517,2026-08-18,complete_task,职业证书型
U0517,2026-08-18,register,职业证书型
U0517,2026-08-18,start_learning,职业证书型
U0517,2026-08-19,complete_task,职业证书型
U0517,2026-08-19,open_app,职业证书型
U0517,2026-08-19,start_learning,职业证书型
U0517,2026-08-22,open_app,职业证书型
U0517,2026-08-22,start_learning,职业证书型
U0517,2026-08-23,complete_task,职业证书型
U0517,2026-08-23,open_app,职业证书型
U0518,2026-08-02,register,职场提升型
U0518,2026-08-02,start_learning,职场提升型
U0518,2026-08-03,complete_task,职场提升型
U0518,2026-08-03,open_app,职场提升型
U0518,2026-08-03,start_learning,职场提升型
U0518,2026-08-04,complete_task,职场提升型
U0518,2026-08-04,open_app,职场提升型
U0518,2026-08-04,start_learning,职场提升型
U0518,2026-08-05,complete_task,职场提升型
U0518,2026-08-05,open_app,职场提升型
U0518,2026-08-06,open_app,职场提升型
U0518,2026-08-06,start_learning,职场提升型
U0518,2026-08-09,complete_task,职场提升型
U0518,2026-08-09,open_app,职场提升型
U0518,2026-08-09,start_learning,职场提升型
U0519,2026-08-10,register,四六级冲刺型
U0520,2026-08-12,complete_task,雅思留学型
U0520,2026-08-12,register,雅思留学型
U0520,2026-08-12,start_learning,雅思留学型
U0520,2026-08-13,open_app,雅思留学型
U0520,2026-08-13,start_learning,雅思留学型
U0520,2026-08-15,complete_task,雅思留学型
U0520,2026-08-15,open_app,雅思留学型
U0520,2026-08-15,start_learning,雅思留学型
U0520,2026-08-16,complete_task,雅思留学型
U0520,2026-08-16,open_app,雅思留学型
U0520,2026-08-16,start_learning,雅思留学型
U0520,2026-08-17,open_app,雅思留学型
U0520,2026-08-17,start_learning,雅思留学型
U0520,2026-08-18,complete_task,雅思留学型
U0520,2026-08-18,open_app,雅思留学型
U0520,2026-08-18,start_learning,雅思留学型
U0520,2026-08-19,complete_task,雅思留学型
U0520,2026-08-19,open_app,雅思留学型
U0520,2026-08-19,start_learning,雅思留学型
U0521,2026-08-08,complete_task,职场提升型
U0521,2026-08-08,register,职场提升型
U0521,2026-08-08,start_learning,职场提升型
U0522,2026-08-03,register,兴趣提升型
U0522,2026-08-03,start_learning,兴趣提升型
U0523,2026-08-04,complete_task,习惯打卡型
U0523,2026-08-04,register,习惯打卡型
U0523,2026-08-04,start_learning,习惯打卡型
U0523,2026-08-05,complete_task,习惯打卡型
U0523,2026-08-05,open_app,习惯打卡型
U0523,2026-08-05,start_learning,习惯打卡型
U0523,2026-08-06,complete_task,习惯打卡型
U0523,2026-08-06,open_app,习惯打卡型
U0523,2026-08-06,start_learning,习惯打卡型
U0523,2026-08-07,complete_task,习惯打卡型
U0523,2026-08-07,open_app,习惯打卡型
U0523,2026-08-07,start_learning,习惯打卡型
U0523,2026-08-16,churn_flag,习惯打卡型
U0524,2026-08-17,complete_task,托福留学型
U0524,2026-08-17,register,托福留学型
U0524,2026-08-17,start_learning,托福留学型
U0525,2026-08-07,complete_task,职业证书型
U0525,2026-08-07,register,职业证书型
U0525,2026-08-07,start_learning,职业证书型
U0525,2026-08-08,complete_task,职业证书型
U0525,2026-08-08,open_app,职业证书型
U0525,2026-08-08,start_learning,职业证书型
U0525,2026-08-11,complete_task,职业证书型
U0525,2026-08-11,open_app,职业证书型
U0525,2026-08-11,start_learning,职业证书型
U0525,2026-08-12,open_app,职业证书型
U0525,2026-08-12,start_learning,职业证书型
U0525,2026-08-13,open_app,职业证书型
U0525,2026-08-13,start_learning,职业证书型
U0526,2026-08-07,complete_task,考研长期型
U0526,2026-08-07,register,考研长期型
U0526,2026-08-07,start_learning,考研长期型
U0526,2026-08-08,open_app,考研长期型
U0526,2026-08-09,open_app,考研长期型
U0526,2026-08-09,start_learning,考研长期型
U0526,2026-08-10,complete_task,考研长期型
U0526,2026-08-10,open_app,考研长期型
U0526,2026-08-11,complete_task,考研长期型
U0526,2026-08-11,open_app,考研长期型
U0526,2026-08-11,start_learning,考研长期型
U0526,2026-08-13,complete_task,考研长期型
U0526,2026-08-13,open_app,考研长期型
U0526,2026-08-13,start_learning,考研长期型
U0527,2026-08-19,register,习惯打卡型
U0528,2026-08-03,complete_task,考研长期型
U0528,2026-08-03,register,考研长期型
U0528,2026-08-03,start_learning,考研长期型
U0528,2026-08-04,open_app,考研长期型
U0528,2026-08-04,start_learning,考研长期型
U0528,2026-08-05,open_app,考研长期型
U0528,2026-08-05,start_learning,考研长期型
U0528,2026-08-08,open_app,考研长期型
U0528,2026-08-08,start_learning,考研长期型
U0529,2026-08-19,register,兴趣提升型
U0530,2026-08-19,complete_task,雅思留学型
U0530,2026-08-19,register,雅思留学型
U0530,2026-08-19,start_learning,雅思留学型
U0530,2026-08-20,open_app,雅思留学型
U0530,2026-08-20,start_learning,雅思留学型
U0530,2026-08-21,open_app,雅思留学型
U0530,2026-08-21,start_learning,雅思留学型
U0530,2026-08-25,complete_task,雅思留学型
U0530,2026-08-25,open_app,雅思留学型
U0530,2026-08-25,start_learning,雅思留学型
U0530,2026-08-26,complete_task,雅思留学型
U0530,2026-08-26,open_app,雅思留学型
U0530,2026-08-26,start_learning,雅思留学型
U0530,2026-09-01,churn_flag,雅思留学型
U0530,2026-09-06,reactivate,雅思留学型
U0530,2026-09-06,start_learning,雅思留学型
U0531,2026-08-12,complete_task,托福留学型
U0531,2026-08-12,register,托福留学型
U0531,2026-08-12,start_learning,托福留学型
U0531,2026-08-13,open_app,托福留学型
U0531,2026-08-15,complete_task,托福留学型
U0531,2026-08-15,open_app,托福留学型
U0531,2026-08-15,start_learning,托福留学型
U0531,2026-08-17,open_app,托福留学型
U0531,2026-08-19,complete_task,托福留学型
U0531,2026-08-19,open_app,托福留学型
U0531,2026-08-19,start_learning,托福留学型
U0532,2026-08-04,register,兴趣提升型
U0533,2026-08-04,complete_task,雅思留学型
U0533,2026-08-04,register,雅思留学型
U0533,2026-08-04,start_learning,雅思留学型
U0533,2026-08-05,open_app,雅思留学型
U0533,2026-08-05,start_learning,雅思留学型
U0533,2026-08-10,complete_task,雅思留学型
U0533,2026-08-10,open_app,雅思留学型
U0533,2026-08-10,start_learning,雅思留学型
U0533,2026-08-11,complete_task,雅思留学型
U0533,2026-08-11,open_app,雅思留学型
U0533,2026-08-11,start_learning,雅思留学型
U0534,2026-08-06,register,习惯打卡型
U0535,2026-08-12,register,雅思留学型
U0536,2026-08-04,complete_task,职业证书型
U0536,2026-08-04,register,职业证书型
U0536,2026-08-04,start_learning,职业证书型
U0536,2026-08-05,complete_task,职业证书型
U0536,2026-08-05,open_app,职业证书型
U0536,2026-08-05,start_learning,职业证书型
U0536,2026-08-06,complete_task,职业证书型
U0536,2026-08-06,open_app,职业证书型
U0536,2026-08-06,start_learning,职业证书型
U0536,2026-08-07,open_app,职业证书型
U0536,2026-08-07,start_learning,职业证书型
U0536,2026-08-08,complete_task,职业证书型
U0536,2026-08-08,open_app,职业证书型
U0536,2026-08-08,start_learning,职业证书型
U0536,2026-08-09,complete_task,职业证书型
U0536,2026-08-09,open_app,职业证书型
U0536,2026-08-09,start_learning,职业证书型
U0537,2026-08-10,complete_task,考研长期型
U0537,2026-08-10,register,考研长期型
U0537,2026-08-10,start_learning,考研长期型
U0537,2026-08-11,complete_task,考研长期型
U0537,2026-08-11,open_app,考研长期型
U0537,2026-08-11,start_learning,考研长期型
U0537,2026-08-12,open_app,考研长期型
U0537,2026-08-12,start_learning,考研长期型
U0537,2026-08-13,open_app,考研长期型
U0537,2026-08-13,start_learning,考研长期型
U0537,2026-08-14,open_app,考研长期型
U0537,2026-08-16,open_app,考研长期型
U0537,2026-08-16,start_learning,考研长期型
U0538,2026-08-03,complete_task,雅思留学型
U0538,2026-08-03,register,雅思留学型
U0538,2026-08-03,start_learning,雅思留学型
U0538,2026-08-04,complete_task,雅思留学型
U0538,2026-08-04,open_app,雅思留学型
U0538,2026-08-04,start_learning,雅思留学型
U0538,2026-08-06,open_app,雅思留学型
U0538,2026-08-06,start_learning,雅思留学型
U0538,2026-08-07,open_app,雅思留学型
U0538,2026-08-07,start_learning,雅思留学型
U0538,2026-08-08,open_app,雅思留学型
U0538,2026-08-08,start_learning,雅思留学型
U0539,2026-08-11,complete_task,雅思留学型
U0539,2026-08-11,register,雅思留学型
U0539,2026-08-11,start_learning,雅思留学型
U0539,2026-08-12,open_app,雅思留学型
U0539,2026-08-12,start_learning,雅思留学型
U0539,2026-08-15,complete_task,雅思留学型
U0539,2026-08-15,open_app,雅思留学型
U0539,2026-08-15,start_learning,雅思留学型
U0540,2026-08-01,complete_task,四六级冲刺型
U0540,2026-08-01,register,四六级冲刺型
U0540,2026-08-01,start_learning,四六级冲刺型
U0540,2026-08-02,open_app,四六级冲刺型
U0540,2026-08-02,start_learning,四六级冲刺型
U0540,2026-08-03,complete_task,四六级冲刺型
U0540,2026-08-03,open_app,四六级冲刺型
U0541,2026-08-15,complete_task,四六级冲刺型
U0541,2026-08-15,register,四六级冲刺型
U0541,2026-08-15,start_learning,四六级冲刺型
U0541,2026-08-16,complete_task,四六级冲刺型
U0541,2026-08-16,open_app,四六级冲刺型
U0541,2026-08-16,start_learning,四六级冲刺型
U0541,2026-08-19,open_app,四六级冲刺型
U0541,2026-08-19,start_learning,四六级冲刺型
U0542,2026-08-02,register,职业证书型
U0543,2026-08-04,complete_task,职业证书型
U0543,2026-08-04,register,职业证书型
U0543,2026-08-04,start_learning,职业证书型
U0543,2026-08-18,churn_flag,职业证书型
U0544,2026-08-04,register,职业证书型
U0545,2026-08-17,complete_task,四六级冲刺型
U0545,2026-08-17,register,四六级冲刺型
U0545,2026-08-17,start_learning,四六级冲刺型
U0545,2026-08-18,complete_task,四六级冲刺型
U0545,2026-08-18,open_app,四六级冲刺型
U0545,2026-08-18,start_learning,四六级冲刺型
U0545,2026-08-21,complete_task,四六级冲刺型
U0545,2026-08-21,open_app,四六级冲刺型
U0545,2026-08-21,start_learning,四六级冲刺型
U0545,2026-08-23,open_app,四六级冲刺型
U0545,2026-08-23,start_learning,四六级冲刺型
U0545,2026-08-28,churn_flag,四六级冲刺型
U0546,2026-08-02,complete_task,考研长期型
U0546,2026-08-02,register,考研长期型
U0546,2026-08-02,start_learning,考研长期型
U0547,2026-08-09,complete_task,四六级冲刺型
U0547,2026-08-09,register,四六级冲刺型
U0547,2026-08-09,start_learning,四六级冲刺型
U0547,2026-08-10,complete_task,四六级冲刺型
U0547,2026-08-10,open_app,四六级冲刺型
U0547,2026-08-10,start_learning,四六级冲刺型
U0547,2026-08-11,complete_task,四六级冲刺型
U0547,2026-08-11,open_app,四六级冲刺型
U0547,2026-08-11,start_learning,四六级冲刺型
U0547,2026-08-12,open_app,四六级冲刺型
U0547,2026-08-12,start_learning,四六级冲刺型
U0547,2026-08-13,open_app,四六级冲刺型
U0547,2026-08-13,start_learning,四六级冲刺型
U0547,2026-08-15,open_app,四六级冲刺型
U0548,2026-08-12,complete_task,兴趣提升型
U0548,2026-08-12,register,兴趣提升型
U0548,2026-08-12,start_learning,兴趣提升型
U0549,2026-08-11,complete_task,职场提升型
U0549,2026-08-11,register,职场提升型
U0549,2026-08-11,start_learning,职场提升型
U0549,2026-08-12,open_app,职场提升型
U0549,2026-08-12,start_learning,职场提升型
U0549,2026-08-13,complete_task,职场提升型
U0549,2026-08-13,open_app,职场提升型
U0549,2026-08-13,start_learning,职场提升型
U0549,2026-08-15,complete_task,职场提升型
U0549,2026-08-15,open_app,职场提升型
U0549,2026-08-15,start_learning,职场提升型
U0550,2026-08-14,complete_task,考研长期型
U0550,2026-08-14,register,考研长期型
U0550,2026-08-14,start_learning,考研长期型
U0550,2026-08-15,complete_task,考研长期型
U0550,2026-08-15,open_app,考研长期型
U0550,2026-08-15,start_learning,考研长期型
U0550,2026-08-18,complete_task,考研长期型
U0550,2026-08-18,open_app,考研长期型
U0550,2026-08-18,start_learning,考研长期型
U0550,2026-08-19,open_app,考研长期型
U0550,2026-08-19,start_learning,考研长期型
U0550,2026-08-20,open_app,考研长期型
U0550,2026-08-20,start_learning,考研长期型
U0551,2026-08-17,complete_task,职业证书型
U0551,2026-08-17,register,职业证书型
U0551,2026-08-17,start_learning,职业证书型
U0551,2026-08-18,open_app,职业证书型
U0551,2026-08-19,complete_task,职业证书型
U0551,2026-08-19,open_app,职业证书型
U0551,2026-08-19,start_learning,职业证书型
U0551,2026-08-20,complete_task,职业证书型
U0551,2026-08-20,open_app,职业证书型
U0551,2026-08-21,complete_task,职业证书型
U0551,2026-08-21,open_app,职业证书型
U0551,2026-08-21,start_learning,职业证书型
U0551,2026-08-22,complete_task,职业证书型
U0551,2026-08-22,open_app,职业证书型
U0551,2026-08-24,complete_task,职业证书型
U0551,2026-08-24,open_app,职业证书型
U0551,2026-08-24,start_learning,职业证书型
U0551,2026-08-25,churn_flag,职业证书型
U0551,2026-08-28,reactivate,职业证书型
U0551,2026-08-28,start_learning,职业证书型
U0552,2026-08-08,complete_task,四六级冲刺型
U0552,2026-08-08,register,四六级冲刺型
U0552,2026-08-08,start_learning,四六级冲刺型
U0553,2026-08-17,complete_task,考研长期型
U0553,2026-08-17,register,考研长期型
U0553,2026-08-17,start_learning,考研长期型
U0553,2026-08-18,complete_task,考研长期型
U0553,2026-08-18,open_app,考研长期型
U0553,2026-08-18,start_learning,考研长期型
U0553,2026-08-20,open_app,考研长期型
U0553,2026-08-20,start_learning,考研长期型
U0553,2026-08-21,open_app,考研长期型
U0553,2026-08-24,complete_task,考研长期型
U0553,2026-08-24,open_app,考研长期型
U0553,2026-08-24,start_learning,考研长期型
U0554,2026-08-07,register,四六级冲刺型
U0555,2026-08-20,complete_task,考研长期型
U0555,2026-08-20,register,考研长期型
U0555,2026-08-20,start_learning,考研长期型
U0555,2026-08-21,complete_task,考研长期型
U0555,2026-08-21,open_app,考研长期型
U0555,2026-08-21,start_learning,考研长期型
U0555,2026-08-25,complete_task,考研长期型
U0555,2026-08-25,open_app,考研长期型
U0555,2026-08-25,start_learning,考研长期型
U0555,2026-08-26,complete_task,考研长期型
U0555,2026-08-26,open_app,考研长期型
U0555,2026-08-26,start_learning,考研长期型
U0555,2026-08-27,complete_task,考研长期型
U0555,2026-08-27,open_app,考研长期型
U0555,2026-08-27,start_learning,考研长期型
U0555,2026-09-02,churn_flag,考研长期型
U0555,2026-09-05,reactivate,考研长期型
U0555,2026-09-05,start_learning,考研长期型
U0556,2026-08-11,complete_task,职业证书型
U0556,2026-08-11,register,职业证书型
U0556,2026-08-11,start_learning,职业证书型
U0556,2026-08-12,open_app,职业证书型
U0556,2026-08-12,start_learning,职业证书型
U0556,2026-08-18,open_app,职业证书型
U0556,2026-08-18,start_learning,职业证书型
U0557,2026-08-15,complete_task,习惯打卡型
U0557,2026-08-15,register,习惯打卡型
U0557,2026-08-15,start_learning,习惯打卡型
U0557,2026-08-16,open_app,习惯打卡型
U0557,2026-08-17,complete_task,习惯打卡型
U0557,2026-08-17,open_app,习惯打卡型
U0557,2026-08-18,complete_task,习惯打卡型
U0557,2026-08-18,open_app,习惯打卡型
U0557,2026-08-19,complete_task,习惯打卡型
U0557,2026-08-19,open_app,习惯打卡型
U0557,2026-08-19,start_learning,习惯打卡型
U0557,2026-08-20,open_app,习惯打卡型
U0557,2026-08-20,start_learning,习惯打卡型
U0557,2026-08-21,open_app,习惯打卡型
U0557,2026-08-21,start_learning,习惯打卡型
U0557,2026-08-22,complete_task,习惯打卡型
U0557,2026-08-22,open_app,习惯打卡型
U0557,2026-08-22,start_learning,习惯打卡型
U0558,2026-08-18,register,四六级冲刺型
U0559,2026-08-16,register,托福留学型
U0559,2026-08-16,start_learning,托福留学型
U0560,2026-08-18,register,兴趣提升型
U0561,2026-08-11,complete_task,习惯打卡型
U0561,2026-08-11,register,习惯打卡型
U0561,2026-08-11,start_learning,习惯打卡型
U0562,2026-08-01,register,职业证书型
U0563,2026-08-10,register,考研长期型
U0564,2026-08-04,register,职业证书型
U0565,2026-08-18,register,考研长期型
U0566,2026-08-05,complete_task,习惯打卡型
U0566,2026-08-05,register,习惯打卡型
U0566,2026-08-05,start_learning,习惯打卡型
U0566,2026-08-06,complete_task,习惯打卡型
U0566,2026-08-06,open_app,习惯打卡型
U0566,2026-08-06,start_learning,习惯打卡型
U0566,2026-08-09,complete_task,习惯打卡型
U0566,2026-08-09,open_app,习惯打卡型
U0566,2026-08-09,start_learning,习惯打卡型
U0566,2026-08-11,complete_task,习惯打卡型
U0566,2026-08-11,open_app,习惯打卡型
U0566,2026-08-11,start_learning,习惯打卡型
U0567,2026-08-05,complete_task,考研长期型
U0567,2026-08-05,register,考研长期型
U0567,2026-08-05,start_learning,考研长期型
U0567,2026-08-06,open_app,考研长期型
U0567,2026-08-07,complete_task,考研长期型
U0567,2026-08-07,open_app,考研长期型
U0567,2026-08-07,start_learning,考研长期型
U0567,2026-08-09,complete_task,考研长期型
U0567,2026-08-09,open_app,考研长期型
U0567,2026-08-09,start_learning,考研长期型
U0567,2026-08-10,complete_task,考研长期型
U0567,2026-08-10,open_app,考研长期型
U0567,2026-08-10,start_learning,考研长期型
U0568,2026-08-05,complete_task,兴趣提升型
U0568,2026-08-05,register,兴趣提升型
U0568,2026-08-05,start_learning,兴趣提升型
U0568,2026-08-15,churn_flag,兴趣提升型
U0569,2026-08-13,complete_task,四六级冲刺型
U0569,2026-08-13,register,四六级冲刺型
U0569,2026-08-13,start_learning,四六级冲刺型
U0569,2026-08-14,open_app,四六级冲刺型
U0569,2026-08-14,start_learning,四六级冲刺型
U0569,2026-08-16,complete_task,四六级冲刺型
U0569,2026-08-16,open_app,四六级冲刺型
U0569,2026-08-16,start_learning,四六级冲刺型
U0569,2026-08-17,complete_task,四六级冲刺型
U0569,2026-08-17,open_app,四六级冲刺型
U0569,2026-08-17,start_learning,四六级冲刺型
U0570,2026-08-12,complete_task,雅思留学型
U0570,2026-08-12,register,雅思留学型
U0570,2026-08-12,start_learning,雅思留学型
U0570,2026-08-26,churn_flag,雅思留学型
U0570,2026-08-30,reactivate,雅思留学型
U0570,2026-08-30,start_learning,雅思留学型
U0571,2026-08-19,complete_task,职场提升型
U0571,2026-08-19,register,职场提升型
U0571,2026-08-19,start_learning,职场提升型
U0571,2026-08-26,complete_task,职场提升型
U0571,2026-08-26,open_app,职场提升型
U0571,2026-08-26,start_learning,职场提升型
U0571,2026-08-28,churn_flag,职场提升型
U0571,2026-09-03,reactivate,职场提升型
U0571,2026-09-03,start_learning,职场提升型
U0572,2026-08-09,complete_task,职业证书型
U0572,2026-08-09,register,职业证书型
U0572,2026-08-09,start_learning,职业证书型
U0572,2026-08-10,open_app,职业证书型
U0572,2026-08-10,start_learning,职业证书型
U0572,2026-08-12,complete_task,职业证书型
U0572,2026-08-12,open_app,职业证书型
U0572,2026-08-12,start_learning,职业证书型
U0572,2026-08-15,open_app,职业证书型
U0572,2026-08-15,start_learning,职业证书型
U0572,2026-08-16,open_app,职业证书型
U0572,2026-08-16,start_learning,职业证书型
U0573,2026-08-06,complete_task,雅思留学型
U0573,2026-08-06,register,雅思留学型
U0573,2026-08-06,start_learning,雅思留学型
U0573,2026-08-07,complete_task,雅思留学型
U0573,2026-08-07,open_app,雅思留学型
U0573,2026-08-07,start_learning,雅思留学型
U0573,2026-08-11,open_app,雅思留学型
U0573,2026-08-11,start_learning,雅思留学型
U0573,2026-08-13,open_app,雅思留学型
U0573,2026-08-13,start_learning,雅思留学型
U0574,2026-08-01,complete_task,习惯打卡型
U0574,2026-08-01,register,习惯打卡型
U0574,2026-08-01,start_learning,习惯打卡型
U0574,2026-08-02,complete_task,习惯打卡型
U0574,2026-08-02,open_app,习惯打卡型
U0574,2026-08-02,start_learning,习惯打卡型
U0574,2026-08-05,open_app,习惯打卡型
U0574,2026-08-06,open_app,习惯打卡型
U0574,2026-08-06,start_learning,习惯打卡型
U0574,2026-08-08,open_app,习惯打卡型
U0574,2026-08-08,start_learning,习惯打卡型
U0575,2026-08-01,register,职场提升型
U0576,2026-08-08,complete_task,考研长期型
U0576,2026-08-08,register,考研长期型
U0576,2026-08-08,start_learning,考研长期型
U0576,2026-08-09,open_app,考研长期型
U0576,2026-08-09,start_learning,考研长期型
U0576,2026-08-12,complete_task,考研长期型
U0576,2026-08-12,open_app,考研长期型
U0576,2026-08-12,start_learning,考研长期型
U0576,2026-08-13,open_app,考研长期型
U0576,2026-08-13,start_learning,考研长期型
U0576,2026-08-14,open_app,考研长期型
U0576,2026-08-14,start_learning,考研长期型
U0576,2026-08-22,churn_flag,考研长期型
U0577,2026-08-19,complete_task,托福留学型
U0577,2026-08-19,register,托福留学型
U0577,2026-08-19,start_learning,托福留学型
U0578,2026-08-11,complete_task,雅思留学型
U0578,2026-08-11,register,雅思留学型
U0578,2026-08-11,start_learning,雅思留学型
U0578,2026-08-12,complete_task,雅思留学型
U0578,2026-08-12,open_app,雅思留学型
U0578,2026-08-13,complete_task,雅思留学型
U0578,2026-08-13,open_app,雅思留学型
U0578,2026-08-13,start_learning,雅思留学型
U0578,2026-08-14,complete_task,雅思留学型
U0578,2026-08-14,open_app,雅思留学型
U0578,2026-08-14,start_learning,雅思留学型
U0578,2026-08-15,open_app,雅思留学型
U0578,2026-08-16,complete_task,雅思留学型
U0578,2026-08-16,open_app,雅思留学型
U0578,2026-08-16,start_learning,雅思留学型
U0578,2026-08-17,open_app,雅思留学型
U0578,2026-08-17,start_learning,雅思留学型
U0579,2026-08-18,register,职业证书型
U0580,2026-08-03,complete_task,考研长期型
U0580,2026-08-03,register,考研长期型
U0580,2026-08-03,start_learning,考研长期型
U0580,2026-08-04,open_app,考研长期型
U0580,2026-08-04,start_learning,考研长期型
U0580,2026-08-05,complete_task,考研长期型
U0580,2026-08-05,open_app,考研长期型
U0580,2026-08-05,start_learning,考研长期型
U0580,2026-08-08,open_app,考研长期型
U0580,2026-08-08,start_learning,考研长期型
U0580,2026-08-10,open_app,考研长期型
U0580,2026-08-10,start_learning,考研长期型
U0580,2026-08-13,churn_flag,考研长期型
U0581,2026-08-02,complete_task,考研长期型
U0581,2026-08-02,register,考研长期型
U0581,2026-08-02,start_learning,考研长期型
U0581,2026-08-03,complete_task,考研长期型
U0581,2026-08-03,open_app,考研长期型
U0581,2026-08-03,start_learning,考研长期型
U0581,2026-08-04,complete_task,考研长期型
U0581,2026-08-04,open_app,考研长期型
U0581,2026-08-05,open_app,考研长期型
U0581,2026-08-05,start_learning,考研长期型
U0581,2026-08-06,open_app,考研长期型
U0581,2026-08-06,start_learning,考研长期型
U0581,2026-08-07,open_app,考研长期型
U0581,2026-08-07,start_learning,考研长期型
U0581,2026-08-09,complete_task,考研长期型
U0581,2026-08-09,open_app,考研长期型
U0581,2026-08-09,start_learning,考研长期型
U0581,2026-08-12,churn_flag,考研长期型
U0582,2026-08-17,register,习惯打卡型
U0583,2026-08-03,register,习惯打卡型
U0584,2026-08-02,register,职场提升型
U0584,2026-08-02,start_learning,职场提升型
U0584,2026-08-03,complete_task,职场提升型
U0584,2026-08-03,open_app,职场提升型
U0584,2026-08-04,open_app,职场提升型
U0584,2026-08-04,start_learning,职场提升型
U0584,2026-08-05,complete_task,职场提升型
U0584,2026-08-05,open_app,职场提升型
U0584,2026-08-05,start_learning,职场提升型
U0584,2026-08-06,complete_task,职场提升型
U0584,2026-08-06,open_app,职场提升型
U0584,2026-08-07,complete_task,职场提升型
U0584,2026-08-07,open_app,职场提升型
U0584,2026-08-07,start_learning,职场提升型
U0584,2026-08-08,complete_task,职场提升型
U0584,2026-08-08,open_app,职场提升型
U0584,2026-08-08,start_learning,职场提升型
U0584,2026-08-09,complete_task,职场提升型
U0584,2026-08-09,open_app,职场提升型
U0584,2026-08-09,start_learning,职场提升型
U0585,2026-08-09,register,习惯打卡型
U0586,2026-08-19,register,兴趣提升型
U0587,2026-08-14,register,兴趣提升型
U0588,2026-08-02,complete_task,兴趣提升型
U0588,2026-08-02,register,兴趣提升型
U0588,2026-08-02,start_learning,兴趣提升型
U0589,2026-08-17,complete_task,雅思留学型
U0589,2026-08-17,register,雅思留学型
U0589,2026-08-17,start_learning,雅思留学型
U0589,2026-08-18,complete_task,雅思留学型
U0589,2026-08-18,open_app,雅思留学型
U0589,2026-08-18,start_learning,雅思留学型
U0589,2026-08-22,open_app,雅思留学型
U0589,2026-08-22,start_learning,雅思留学型
U0589,2026-08-23,open_app,雅思留学型
U0589,2026-08-23,start_learning,雅思留学型
U0590,2026-08-17,register,雅思留学型
U0591,2026-08-17,complete_task,考研长期型
U0591,2026-08-17,register,考研长期型
U0591,2026-08-17,start_learning,考研长期型
U0591,2026-08-18,complete_task,考研长期型
U0591,2026-08-18,open_app,考研长期型
U0591,2026-08-18,start_learning,考研长期型
U0591,2026-08-19,complete_task,考研长期型
U0591,2026-08-19,open_app,考研长期型
U0591,2026-08-19,start_learning,考研长期型
U0591,2026-08-21,open_app,考研长期型
U0591,2026-08-21,start_learning,考研长期型
U0591,2026-08-31,churn_flag,考研长期型
U0592,2026-08-19,complete_task,职业证书型
U0592,2026-08-19,register,职业证书型
U0592,2026-08-19,start_learning,职业证书型
U0592,2026-08-20,open_app,职业证书型
U0592,2026-08-23,open_app,职业证书型
U0592,2026-08-23,start_learning,职业证书型
U0592,2026-08-25,complete_task,职业证书型
U0592,2026-08-25,open_app,职业证书型
U0592,2026-08-25,start_learning,职业证书型
U0592,2026-08-26,complete_task,职业证书型
U0592,2026-08-26,open_app,职业证书型
U0592,2026-08-26,start_learning,职业证书型
U0593,2026-08-05,register,考研长期型
U0593,2026-08-05,start_learning,考研长期型
U0593,2026-08-06,open_app,考研长期型
U0593,2026-08-06,start_learning,考研长期型
U0593,2026-08-07,complete_task,考研长期型
U0593,2026-08-07,open_app,考研长期型
U0593,2026-08-07,start_learning,考研长期型
U0593,2026-08-09,open_app,考研长期型
U0593,2026-08-10,complete_task,考研长期型
U0593,2026-08-10,open_app,考研长期型
U0593,2026-08-10,start_learning,考研长期型
U0593,2026-08-13,churn_flag,考研长期型
U0594,2026-08-20,complete_task,考研长期型
U0594,2026-08-20,register,考研长期型
U0594,2026-08-20,start_learning,考研长期型
U0594,2026-08-21,complete_task,考研长期型
U0594,2026-08-21,open_app,考研长期型
U0594,2026-08-21,start_learning,考研长期型
U0594,2026-08-22,open_app,考研长期型
U0594,2026-08-22,start_learning,考研长期型
U0594,2026-08-23,complete_task,考研长期型
U0594,2026-08-23,open_app,考研长期型
U0594,2026-08-25,complete_task,考研长期型
U0594,2026-08-25,open_app,考研长期型
U0594,2026-08-25,start_learning,考研长期型
U0594,2026-08-26,complete_task,考研长期型
U0594,2026-08-26,open_app,考研长期型
U0594,2026-08-26,start_learning,考研长期型
U0595,2026-08-07,register,托福留学型
U0596,2026-08-17,register,雅思留学型
U0596,2026-08-17,start_learning,雅思留学型
U0597,2026-08-12,complete_task,四六级冲刺型
U0597,2026-08-12,register,四六级冲刺型
U0597,2026-08-12,start_learning,四六级冲刺型
U0597,2026-08-13,complete_task,四六级冲刺型
U0597,2026-08-13,open_app,四六级冲刺型
U0597,2026-08-13,start_learning,四六级冲刺型
U0597,2026-08-14,open_app,四六级冲刺型
U0597,2026-08-14,start_learning,四六级冲刺型
U0598,2026-08-16,complete_task,职场提升型
U0598,2026-08-16,register,职场提升型
U0598,2026-08-16,start_learning,职场提升型
U0599,2026-08-13,complete_task,职场提升型
U0599,2026-08-13,register,职场提升型
U0599,2026-08-13,start_learning,职场提升型
U0599,2026-08-14,complete_task,职场提升型
U0599,2026-08-14,open_app,职场提升型
U0599,2026-08-14,start_learning,职场提升型
U0599,2026-08-15,complete_task,职场提升型
U0599,2026-08-15,open_app,职场提升型
U0599,2026-08-15,start_learning,职场提升型
U0599,2026-08-16,open_app,职场提升型
U0599,2026-08-16,start_learning,职场提升型
U0599,2026-08-17,complete_task,职场提升型
U0599,2026-08-17,open_app,职场提升型
U0599,2026-08-17,start_learning,职场提升型
U0599,2026-08-18,complete_task,职场提升型
U0599,2026-08-18,open_app,职场提升型
U0599,2026-08-18,start_learning,职场提升型
U0599,2026-08-19,complete_task,职场提升型
U0599,2026-08-19,open_app,职场提升型
U0599,2026-08-22,churn_flag,职场提升型
U0600,2026-08-13,complete_task,四六级冲刺型
U0600,2026-08-13,register,四六级冲刺型
U0600,2026-08-13,start_learning,四六级冲刺型
U0600,2026-08-22,churn_flag,四六级冲刺型
U0601,2026-08-13,complete_task,四六级冲刺型
U0601,2026-08-13,register,四六级冲刺型
U0601,2026-08-13,start_learning,四六级冲刺型
U0601,2026-08-14,open_app,四六级冲刺型
U0601,2026-08-15,open_app,四六级冲刺型
U0601,2026-08-15,start_learning,四六级冲刺型
U0601,2026-08-17,open_app,四六级冲刺型
U0601,2026-08-17,start_learning,四六级冲刺型
U0601,2026-08-20,complete_task,四六级冲刺型
U0601,2026-08-20,open_app,四六级冲刺型
U0601,2026-08-20,start_learning,四六级冲刺型
U0602,2026-08-16,register,考研长期型
U0602,2026-08-16,start_learning,考研长期型
U0602,2026-08-17,open_app,考研长期型
U0602,2026-08-17,start_learning,考研长期型
U0602,2026-08-21,complete_task,考研长期型
U0602,2026-08-21,open_app,考研长期型
U0602,2026-08-21,start_learning,考研长期型
U0602,2026-08-29,churn_flag,考研长期型
U0603,2026-08-15,register,兴趣提升型
U0603,2026-08-15,start_learning,兴趣提升型
U0603,2026-08-16,complete_task,兴趣提升型
U0603,2026-08-16,open_app,兴趣提升型
U0603,2026-08-17,open_app,兴趣提升型
U0603,2026-08-17,start_learning,兴趣提升型
U0603,2026-08-19,open_app,兴趣提升型
U0603,2026-08-19,start_learning,兴趣提升型
U0604,2026-08-03,complete_task,职场提升型
U0604,2026-08-03,register,职场提升型
U0604,2026-08-03,start_learning,职场提升型
U0604,2026-08-04,open_app,职场提升型
U0604,2026-08-04,start_learning,职场提升型
U0604,2026-08-06,open_app,职场提升型
U0604,2026-08-06,start_learning,职场提升型
U0604,2026-08-09,open_app,职场提升型
U0604,2026-08-09,start_learning,职场提升型
U0605,2026-08-17,complete_task,四六级冲刺型
U0605,2026-08-17,register,四六级冲刺型
U0605,2026-08-17,start_learning,四六级冲刺型
U0605,2026-08-18,complete_task,四六级冲刺型
U0605,2026-08-18,open_app,四六级冲刺型
U0605,2026-08-22,complete_task,四六级冲刺型
U0605,2026-08-22,open_app,四六级冲刺型
U0605,2026-08-22,start_learning,四六级冲刺型
U0605,2026-08-23,complete_task,四六级冲刺型
U0605,2026-08-23,open_app,四六级冲刺型
U0605,2026-08-23,start_learning,四六级冲刺型
U0606,2026-08-11,register,兴趣提升型
U0606,2026-08-11,start_learning,兴趣提升型
U0606,2026-08-12,open_app,兴趣提升型
U0606,2026-08-12,start_learning,兴趣提升型
U0606,2026-08-14,complete_task,兴趣提升型
U0606,2026-08-14,open_app,兴趣提升型
U0606,2026-08-14,start_learning,兴趣提升型
U0606,2026-08-17,open_app,兴趣提升型
U0606,2026-08-17,start_learning,兴趣提升型
U0606,2026-08-18,open_app,兴趣提升型
U0606,2026-08-18,start_learning,兴趣提升型
U0607,2026-08-07,complete_task,四六级冲刺型
U0607,2026-08-07,register,四六级冲刺型
U0607,2026-08-07,start_learning,四六级冲刺型
U0607,2026-08-08,open_app,四六级冲刺型
U0607,2026-08-08,start_learning,四六级冲刺型
U0607,2026-08-10,complete_task,四六级冲刺型
U0607,2026-08-10,open_app,四六级冲刺型
U0607,2026-08-10,start_learning,四六级冲刺型
U0607,2026-08-11,open_app,四六级冲刺型
U0607,2026-08-11,start_learning,四六级冲刺型
U0607,2026-08-13,complete_task,四六级冲刺型
U0607,2026-08-13,open_app,四六级冲刺型
U0607,2026-08-13,start_learning,四六级冲刺型
U0608,2026-08-11,register,考研长期型
U0609,2026-08-20,complete_task,习惯打卡型
U0609,2026-08-20,register,习惯打卡型
U0609,2026-08-20,start_learning,习惯打卡型
U0610,2026-08-18,register,四六级冲刺型
U0610,2026-08-18,start_learning,四六级冲刺型
U0610,2026-08-19,complete_task,四六级冲刺型
U0610,2026-08-19,open_app,四六级冲刺型
U0610,2026-08-20,complete_task,四六级冲刺型
U0610,2026-08-20,open_app,四六级冲刺型
U0610,2026-08-20,start_learning,四六级冲刺型
U0611,2026-08-17,register,四六级冲刺型
U0612,2026-08-10,register,雅思留学型
U0612,2026-08-10,start_learning,雅思留学型
U0612,2026-08-11,complete_task,雅思留学型
U0612,2026-08-11,open_app,雅思留学型
U0612,2026-08-11,start_learning,雅思留学型
U0612,2026-08-12,complete_task,雅思留学型
U0612,2026-08-12,open_app,雅思留学型
U0612,2026-08-12,start_learning,雅思留学型
U0612,2026-08-13,complete_task,雅思留学型
U0612,2026-08-13,open_app,雅思留学型
U0612,2026-08-13,start_learning,雅思留学型
U0612,2026-08-15,complete_task,雅思留学型
U0612,2026-08-15,open_app,雅思留学型
U0612,2026-08-17,complete_task,雅思留学型
U0612,2026-08-17,open_app,雅思留学型
U0612,2026-08-17,start_learning,雅思留学型
U0613,2026-08-16,complete_task,职业证书型
U0613,2026-08-16,register,职业证书型
U0613,2026-08-16,start_learning,职业证书型
U0613,2026-08-17,complete_task,职业证书型
U0613,2026-08-17,open_app,职业证书型
U0613,2026-08-17,start_learning,职业证书型
U0613,2026-08-18,complete_task,职业证书型
U0613,2026-08-18,open_app,职业证书型
U0613,2026-08-18,start_learning,职业证书型
U0613,2026-08-20,complete_task,职业证书型
U0613,2026-08-20,open_app,职业证书型
U0613,2026-08-20,start_learning,职业证书型
U0613,2026-08-21,open_app,职业证书型
U0613,2026-08-21,start_learning,职业证书型
U0613,2026-08-23,complete_task,职业证书型
U0613,2026-08-23,open_app,职业证书型
U0613,2026-08-23,start_learning,职业证书型
U0614,2026-08-08,complete_task,习惯打卡型
U0614,2026-08-08,register,习惯打卡型
U0614,2026-08-08,start_learning,习惯打卡型
U0614,2026-08-16,churn_flag,习惯打卡型
U0614,2026-08-23,reactivate,习惯打卡型
U0614,2026-08-23,start_learning,习惯打卡型
U0615,2026-08-14,complete_task,习惯打卡型
U0615,2026-08-14,register,习惯打卡型
U0615,2026-08-14,start_learning,习惯打卡型
U0615,2026-08-15,complete_task,习惯打卡型
U0615,2026-08-15,open_app,习惯打卡型
U0615,2026-08-15,start_learning,习惯打卡型
U0615,2026-08-17,complete_task,习惯打卡型
U0615,2026-08-17,open_app,习惯打卡型
U0615,2026-08-17,start_learning,习惯打卡型
U0615,2026-08-18,complete_task,习惯打卡型
U0615,2026-08-18,open_app,习惯打卡型
U0615,2026-08-18,start_learning,习惯打卡型
U0615,2026-08-19,open_app,习惯打卡型
U0616,2026-08-13,complete_task,四六级冲刺型
U0616,2026-08-13,register,四六级冲刺型
U0616,2026-08-13,start_learning,四六级冲刺型
U0616,2026-08-25,churn_flag,四六级冲刺型
U0617,2026-08-05,register,四六级冲刺型
U0618,2026-08-06,register,兴趣提升型
U0618,2026-08-06,start_learning,兴趣提升型
U0618,2026-08-07,complete_task,兴趣提升型
U0618,2026-08-07,open_app,兴趣提升型
U0618,2026-08-07,start_learning,兴趣提升型
U0618,2026-08-09,complete_task,兴趣提升型
U0618,2026-08-09,open_app,兴趣提升型
U0618,2026-08-10,complete_task,兴趣提升型
U0618,2026-08-10,open_app,兴趣提升型
U0618,2026-08-10,start_learning,兴趣提升型
U0618,2026-08-12,open_app,兴趣提升型
U0618,2026-08-13,complete_task,兴趣提升型
U0618,2026-08-13,open_app,兴趣提升型
U0618,2026-08-13,start_learning,兴趣提升型
U0618,2026-08-18,churn_flag,兴趣提升型
U0619,2026-08-02,complete_task,考研长期型
U0619,2026-08-02,register,考研长期型
U0619,2026-08-02,start_learning,考研长期型
U0620,2026-08-03,register,职场提升型
U0621,2026-08-09,complete_task,职业证书型
U0621,2026-08-09,register,职业证书型
U0621,2026-08-09,start_learning,职业证书型
U0621,2026-08-10,open_app,职业证书型
U0621,2026-08-10,start_learning,职业证书型
U0621,2026-08-14,complete_task,职业证书型
U0621,2026-08-14,open_app,职业证书型
U0621,2026-08-14,start_learning,职业证书型
U0621,2026-08-15,open_app,职业证书型
U0621,2026-08-15,start_learning,职业证书型
U0622,2026-08-10,register,四六级冲刺型
U0623,2026-08-04,complete_task,职场提升型
U0623,2026-08-04,register,职场提升型
U0623,2026-08-04,start_learning,职场提升型
U0623,2026-08-05,complete_task,职场提升型
U0623,2026-08-05,open_app,职场提升型
U0623,2026-08-06,open_app,职场提升型
U0623,2026-08-06,start_learning,职场提升型
U0623,2026-08-08,complete_task,职场提升型
U0623,2026-08-08,open_app,职场提升型
U0623,2026-08-09,open_app,职场提升型
U0623,2026-08-09,start_learning,职场提升型
U0623,2026-08-10,complete_task,职场提升型
U0623,2026-08-10,open_app,职场提升型
U0623,2026-08-10,start_learning,职场提升型
U0624,2026-08-09,register,四六级冲刺型
U0625,2026-08-13,complete_task,雅思留学型
U0625,2026-08-13,register,雅思留学型
U0625,2026-08-13,start_learning,雅思留学型
U0625,2026-08-14,complete_task,雅思留学型
U0625,2026-08-14,open_app,雅思留学型
U0625,2026-08-14,start_learning,雅思留学型
U0625,2026-08-16,complete_task,雅思留学型
U0625,2026-08-16,open_app,雅思留学型
U0625,2026-08-16,start_learning,雅思留学型
U0625,2026-08-18,open_app,雅思留学型
U0625,2026-08-19,open_app,雅思留学型
U0625,2026-08-19,start_learning,雅思留学型
U0625,2026-08-20,complete_task,雅思留学型
U0625,2026-08-20,open_app,雅思留学型
U0625,2026-08-20,start_learning,雅思留学型
U0626,2026-08-05,register,托福留学型
U0627,2026-08-07,register,雅思留学型
U0627,2026-08-07,start_learning,雅思留学型
U0627,2026-08-08,complete_task,雅思留学型
U0627,2026-08-08,open_app,雅思留学型
U0627,2026-08-08,start_learning,雅思留学型
U0627,2026-08-09,complete_task,雅思留学型
U0627,2026-08-09,open_app,雅思留学型
U0627,2026-08-09,start_learning,雅思留学型
U0627,2026-08-10,open_app,雅思留学型
U0627,2026-08-10,start_learning,雅思留学型
U0627,2026-08-14,complete_task,雅思留学型
U0627,2026-08-14,open_app,雅思留学型
U0627,2026-08-14,start_learning,雅思留学型
U0628,2026-08-08,complete_task,兴趣提升型
U0628,2026-08-08,register,兴趣提升型
U0628,2026-08-08,start_learning,兴趣提升型
U0629,2026-08-11,complete_task,职业证书型
U0629,2026-08-11,register,职业证书型
U0629,2026-08-11,start_learning,职业证书型
U0629,2026-08-12,complete_task,职业证书型
U0629,2026-08-12,open_app,职业证书型
U0629,2026-08-12,start_learning,职业证书型
U0629,2026-08-13,open_app,职业证书型
U0629,2026-08-13,start_learning,职业证书型
U0629,2026-08-15,complete_task,职业证书型
U0629,2026-08-15,open_app,职业证书型
U0629,2026-08-15,start_learning,职业证书型
U0629,2026-08-16,complete_task,职业证书型
U0629,2026-08-16,open_app,职业证书型
U0629,2026-08-16,start_learning,职业证书型
U0630,2026-08-08,register,习惯打卡型
U0631,2026-08-15,complete_task,习惯打卡型
U0631,2026-08-15,register,习惯打卡型
U0631,2026-08-15,start_learning,习惯打卡型
U0631,2026-08-16,complete_task,习惯打卡型
U0631,2026-08-16,open_app,习惯打卡型
U0631,2026-08-16,start_learning,习惯打卡型
U0631,2026-08-17,complete_task,习惯打卡型
U0631,2026-08-17,open_app,习惯打卡型
U0631,2026-08-17,start_learning,习惯打卡型
U0631,2026-08-22,complete_task,习惯打卡型
U0631,2026-08-22,open_app,习惯打卡型
U0631,2026-08-22,start_learning,习惯打卡型
U0632,2026-08-07,complete_task,雅思留学型
U0632,2026-08-07,register,雅思留学型
U0632,2026-08-07,start_learning,雅思留学型
U0632,2026-08-08,complete_task,雅思留学型
U0632,2026-08-08,open_app,雅思留学型
U0632,2026-08-09,open_app,雅思留学型
U0632,2026-08-09,start_learning,雅思留学型
U0632,2026-08-12,open_app,雅思留学型
U0632,2026-08-12,start_learning,雅思留学型
U0632,2026-08-13,open_app,雅思留学型
U0632,2026-08-13,start_learning,雅思留学型
U0632,2026-08-14,complete_task,雅思留学型
U0632,2026-08-14,open_app,雅思留学型
U0632,2026-08-14,start_learning,雅思留学型
U0633,2026-08-09,register,四六级冲刺型
U0634,2026-08-08,register,兴趣提升型
U0635,2026-08-04,register,习惯打卡型
U0636,2026-08-14,register,考研长期型
U0636,2026-08-14,start_learning,考研长期型
U0636,2026-08-15,complete_task,考研长期型
U0636,2026-08-15,open_app,考研长期型
U0636,2026-08-15,start_learning,考研长期型
U0636,2026-08-19,complete_task,考研长期型
U0636,2026-08-19,open_app,考研长期型
U0636,2026-08-19,start_learning,考研长期型
U0636,2026-08-20,complete_task,考研长期型
U0636,2026-08-20,open_app,考研长期型
U0636,2026-08-20,start_learning,考研长期型
U0636,2026-08-28,churn_flag,考研长期型
U0636,2026-08-31,reactivate,考研长期型
U0636,2026-08-31,start_learning,考研长期型
U0637,2026-08-05,complete_task,雅思留学型
U0637,2026-08-05,register,雅思留学型
U0637,2026-08-05,start_learning,雅思留学型
U0637,2026-08-06,open_app,雅思留学型
U0637,2026-08-06,start_learning,雅思留学型
U0637,2026-08-07,open_app,雅思留学型
U0637,2026-08-07,start_learning,雅思留学型
U0637,2026-08-08,complete_task,雅思留学型
U0637,2026-08-08,open_app,雅思留学型
U0637,2026-08-08,start_learning,雅思留学型
U0637,2026-08-10,open_app,雅思留学型
U0637,2026-08-10,start_learning,雅思留学型
U0638,2026-08-06,register,雅思留学型
U0638,2026-08-06,start_learning,雅思留学型
U0638,2026-08-18,churn_flag,雅思留学型
U0638,2026-08-21,reactivate,雅思留学型
U0638,2026-08-21,start_learning,雅思留学型
U0639,2026-08-16,complete_task,四六级冲刺型
U0639,2026-08-16,register,四六级冲刺型
U0639,2026-08-16,start_learning,四六级冲刺型
U0639,2026-08-30,churn_flag,四六级冲刺型
U0640,2026-08-19,register,职业证书型
U0640,2026-08-19,start_learning,职业证书型
U0640,2026-08-20,open_app,职业证书型
U0640,2026-08-20,start_learning,职业证书型
U0640,2026-08-21,complete_task,职业证书型
U0640,2026-08-21,open_app,职业证书型
U0640,2026-08-21,start_learning,职业证书型
U0641,2026-08-14,register,考研长期型
U0641,2026-08-14,start_learning,考研长期型
U0642,2026-08-19,register,兴趣提升型
U0642,2026-08-19,start_learning,兴趣提升型
U0643,2026-08-18,register,职场提升型
U0643,2026-08-18,start_learning,职场提升型
U0643,2026-08-19,complete_task,职场提升型
U0643,2026-08-19,open_app,职场提升型
U0643,2026-08-20,complete_task,职场提升型
U0643,2026-08-20,open_app,职场提升型
U0643,2026-08-20,start_learning,职场提升型
U0643,2026-08-21,complete_task,职场提升型
U0643,2026-08-21,open_app,职场提升型
U0643,2026-08-23,open_app,职场提升型
U0643,2026-08-23,start_learning,职场提升型
U0644,2026-08-10,register,职场提升型
U0645,2026-08-16,register,雅思留学型
U0645,2026-08-16,start_learning,雅思留学型
U0646,2026-08-07,complete_task,考研长期型
U0646,2026-08-07,register,考研长期型
U0646,2026-08-07,start_learning,考研长期型
U0646,2026-08-19,churn_flag,考研长期型
U0646,2026-08-24,reactivate,考研长期型
U0646,2026-08-24,start_learning,考研长期型
U0647,2026-08-10,register,兴趣提升型
U0647,2026-08-10,start_learning,兴趣提升型
U0647,2026-08-11,complete_task,兴趣提升型
U0647,2026-08-11,open_app,兴趣提升型
U0647,2026-08-11,start_learning,兴趣提升型
U0647,2026-08-12,open_app,兴趣提升型
U0647,2026-08-12,start_learning,兴趣提升型
U0647,2026-08-15,complete_task,兴趣提升型
U0647,2026-08-15,open_app,兴趣提升型
U0647,2026-08-15,start_learning,兴趣提升型
U0647,2026-08-16,complete_task,兴趣提升型
U0647,2026-08-16,open_app,兴趣提升型
U0647,2026-08-17,complete_task,兴趣提升型
U0647,2026-08-17,open_app,兴趣提升型
U0647,2026-08-17,start_learning,兴趣提升型
U0648,2026-08-11,complete_task,职场提升型
U0648,2026-08-11,register,职场提升型
U0648,2026-08-11,start_learning,职场提升型
U0649,2026-08-20,complete_task,雅思留学型
U0649,2026-08-20,register,雅思留学型
U0649,2026-08-20,start_learning,雅思留学型
U0650,2026-08-17,complete_task,职场提升型
U0650,2026-08-17,register,职场提升型
U0650,2026-08-17,start_learning,职场提升型
U0651,2026-08-10,complete_task,四六级冲刺型
U0651,2026-08-10,register,四六级冲刺型
U0651,2026-08-10,start_learning,四六级冲刺型
U0651,2026-08-11,open_app,四六级冲刺型
U0651,2026-08-11,start_learning,四六级冲刺型
U0651,2026-08-13,open_app,四六级冲刺型
U0651,2026-08-13,start_learning,四六级冲刺型
U0651,2026-08-15,complete_task,四六级冲刺型
U0651,2026-08-15,open_app,四六级冲刺型
U0651,2026-08-15,start_learning,四六级冲刺型
U0651,2026-08-16,complete_task,四六级冲刺型
U0651,2026-08-16,open_app,四六级冲刺型
U0652,2026-08-14,register,职场提升型
U0652,2026-08-14,start_learning,职场提升型
U0652,2026-08-15,complete_task,职场提升型
U0652,2026-08-15,open_app,职场提升型
U0652,2026-08-15,start_learning,职场提升型
U0652,2026-08-18,complete_task,职场提升型
U0652,2026-08-18,open_app,职场提升型
U0652,2026-08-18,start_learning,职场提升型
U0652,2026-08-20,open_app,职场提升型
U0652,2026-08-21,complete_task,职场提升型
U0652,2026-08-21,open_app,职场提升型
U0652,2026-08-21,start_learning,职场提升型
U0652,2026-08-23,churn_flag,职场提升型
U0652,2026-08-27,reactivate,职场提升型
U0652,2026-08-27,start_learning,职场提升型
U0653,2026-08-05,register,四六级冲刺型
U0653,2026-08-05,start_learning,四六级冲刺型
U0653,2026-08-06,complete_task,四六级冲刺型
U0653,2026-08-06,open_app,四六级冲刺型
U0653,2026-08-08,complete_task,四六级冲刺型
U0653,2026-08-08,open_app,四六级冲刺型
U0653,2026-08-09,open_app,四六级冲刺型
U0653,2026-08-09,start_learning,四六级冲刺型
U0653,2026-08-11,open_app,四六级冲刺型
U0653,2026-08-11,start_learning,四六级冲刺型
U0654,2026-08-17,complete_task,四六级冲刺型
U0654,2026-08-17,register,四六级冲刺型
U0654,2026-08-17,start_learning,四六级冲刺型
U0654,2026-08-30,churn_flag,四六级冲刺型
U0655,2026-08-12,complete_task,托福留学型
U0655,2026-08-12,register,托福留学型
U0655,2026-08-12,start_learning,托福留学型
U0656,2026-08-11,complete_task,四六级冲刺型
U0656,2026-08-11,register,四六级冲刺型
U0656,2026-08-11,start_learning,四六级冲刺型
U0657,2026-08-16,complete_task,四六级冲刺型
U0657,2026-08-16,register,四六级冲刺型
U0657,2026-08-16,start_learning,四六级冲刺型
U0657,2026-08-17,open_app,四六级冲刺型
U0657,2026-08-17,start_learning,四六级冲刺型
U0657,2026-08-20,complete_task,四六级冲刺型
U0657,2026-08-20,open_app,四六级冲刺型
U0657,2026-08-20,start_learning,四六级冲刺型
U0657,2026-08-21,complete_task,四六级冲刺型
U0657,2026-08-21,open_app,四六级冲刺型
U0657,2026-08-21,start_learning,四六级冲刺型
U0657,2026-08-22,complete_task,四六级冲刺型
U0657,2026-08-22,open_app,四六级冲刺型
U0657,2026-08-22,start_learning,四六级冲刺型
U0657,2026-08-23,complete_task,四六级冲刺型
U0657,2026-08-23,open_app,四六级冲刺型
U0657,2026-08-23,start_learning,四六级冲刺型
U0658,2026-08-13,complete_task,四六级冲刺型
U0658,2026-08-13,register,四六级冲刺型
U0658,2026-08-13,start_learning,四六级冲刺型
U0658,2026-08-20,complete_task,四六级冲刺型
U0658,2026-08-20,open_app,四六级冲刺型
U0658,2026-08-20,start_learning,四六级冲刺型
U0659,2026-08-02,register,雅思留学型
U0659,2026-08-02,start_learning,雅思留学型
U0660,2026-08-06,complete_task,兴趣提升型
U0660,2026-08-06,register,兴趣提升型
U0660,2026-08-06,start_learning,兴趣提升型
U0660,2026-08-07,complete_task,兴趣提升型
U0660,2026-08-07,open_app,兴趣提升型
U0660,2026-08-07,start_learning,兴趣提升型
U0660,2026-08-08,complete_task,兴趣提升型
U0660,2026-08-08,open_app,兴趣提升型
U0660,2026-08-08,start_learning,兴趣提升型
U0660,2026-08-12,open_app,兴趣提升型
U0660,2026-08-12,start_learning,兴趣提升型
U0661,2026-08-04,complete_task,四六级冲刺型
U0661,2026-08-04,register,四六级冲刺型
U0661,2026-08-04,start_learning,四六级冲刺型
U0662,2026-08-15,complete_task,职业证书型
U0662,2026-08-15,register,职业证书型
U0662,2026-08-15,start_learning,职业证书型
U0662,2026-08-16,complete_task,职业证书型
U0662,2026-08-16,open_app,职业证书型
U0662,2026-08-16,start_learning,职业证书型
U0662,2026-08-17,open_app,职业证书型
U0662,2026-08-17,start_learning,职业证书型
U0662,2026-08-18,open_app,职业证书型
U0662,2026-08-18,start_learning,职业证书型
U0662,2026-08-22,open_app,职业证书型
U0662,2026-08-22,start_learning,职业证书型
U0663,2026-08-01,complete_task,职场提升型
U0663,2026-08-01,register,职场提升型
U0663,2026-08-01,start_learning,职场提升型
U0663,2026-08-02,complete_task,职场提升型
U0663,2026-08-02,open_app,职场提升型
U0663,2026-08-02,start_learning,职场提升型
U0663,2026-08-03,complete_task,职场提升型
U0663,2026-08-03,open_app,职场提升型
U0663,2026-08-05,complete_task,职场提升型
U0663,2026-08-05,open_app,职场提升型
U0663,2026-08-05,start_learning,职场提升型
U0663,2026-08-06,open_app,职场提升型
U0663,2026-08-06,start_learning,职场提升型
U0663,2026-08-07,open_app,职场提升型
U0664,2026-08-05,register,四六级冲刺型
U0664,2026-08-05,start_learning,四六级冲刺型
U0664,2026-08-06,open_app,四六级冲刺型
U0664,2026-08-06,start_learning,四六级冲刺型
U0664,2026-08-07,complete_task,四六级冲刺型
U0664,2026-08-07,open_app,四六级冲刺型
U0664,2026-08-07,start_learning,四六级冲刺型
U0664,2026-08-09,open_app,四六级冲刺型
U0664,2026-08-09,start_learning,四六级冲刺型
U0664,2026-08-10,open_app,四六级冲刺型
U0664,2026-08-11,open_app,四六级冲刺型
U0664,2026-08-11,start_learning,四六级冲刺型
U0665,2026-08-12,register,四六级冲刺型
U0665,2026-08-12,start_learning,四六级冲刺型
U0665,2026-08-13,complete_task,四六级冲刺型
U0665,2026-08-13,open_app,四六级冲刺型
U0665,2026-08-13,start_learning,四六级冲刺型
U0665,2026-08-14,open_app,四六级冲刺型
U0665,2026-08-15,complete_task,四六级冲刺型
U0665,2026-08-15,open_app,四六级冲刺型
U0665,2026-08-16,complete_task,四六级冲刺型
U0665,2026-08-16,open_app,四六级冲刺型
U0665,2026-08-16,start_learning,四六级冲刺型
U0665,2026-08-17,complete_task,四六级冲刺型
U0665,2026-08-17,open_app,四六级冲刺型
U0665,2026-08-17,start_learning,四六级冲刺型
U0666,2026-08-14,complete_task,职场提升型
U0666,2026-08-14,register,职场提升型
U0666,2026-08-14,start_learning,职场提升型
U0666,2026-08-15,complete_task,职场提升型
U0666,2026-08-15,open_app,职场提升型
U0666,2026-08-15,start_learning,职场提升型
U0666,2026-08-16,open_app,职场提升型
U0666,2026-08-16,start_learning,职场提升型
U0666,2026-08-21,open_app,职场提升型
U0666,2026-08-21,start_learning,职场提升型
U0667,2026-08-11,complete_task,职场提升型
U0667,2026-08-11,register,职场提升型
U0667,2026-08-11,start_learning,职场提升型
U0667,2026-08-25,churn_flag,职场提升型
U0668,2026-08-18,complete_task,托福留学型
U0668,2026-08-18,register,托福留学型
U0668,2026-08-18,start_learning,托福留学型
U0669,2026-08-19,complete_task,职场提升型
U0669,2026-08-19,register,职场提升型
U0669,2026-08-19,start_learning,职场提升型
U0669,2026-08-20,complete_task,职场提升型
U0669,2026-08-20,open_app,职场提升型
U0669,2026-08-20,start_learning,职场提升型
U0669,2026-08-21,complete_task,职场提升型
U0669,2026-08-21,open_app,职场提升型
U0669,2026-08-22,open_app,职场提升型
U0669,2026-08-22,start_learning,职场提升型
U0669,2026-08-23,open_app,职场提升型
U0669,2026-08-23,start_learning,职场提升型
U0669,2026-08-24,complete_task,职场提升型
U0669,2026-08-24,open_app,职场提升型
U0669,2026-08-24,start_learning,职场提升型
U0669,2026-08-25,open_app,职场提升型
U0669,2026-08-25,start_learning,职场提升型
U0669,2026-08-26,complete_task,职场提升型
U0669,2026-08-26,open_app,职场提升型
U0669,2026-08-26,start_learning,职场提升型
U0670,2026-08-03,register,四六级冲刺型
U0671,2026-08-20,complete_task,考研长期型
U0671,2026-08-20,register,考研长期型
U0671,2026-08-20,start_learning,考研长期型
U0672,2026-08-13,register,兴趣提升型
U0673,2026-08-13,complete_task,考研长期型
U0673,2026-08-13,register,考研长期型
U0673,2026-08-13,start_learning,考研长期型
U0673,2026-08-14,complete_task,考研长期型
U0673,2026-08-14,open_app,考研长期型
U0673,2026-08-14,start_learning,考研长期型
U0673,2026-08-17,complete_task,考研长期型
U0673,2026-08-17,open_app,考研长期型
U0673,2026-08-17,start_learning,考研长期型
U0673,2026-08-19,open_app,考研长期型
U0673,2026-08-20,open_app,考研长期型
U0673,2026-08-20,start_learning,考研长期型
U0674,2026-08-02,register,兴趣提升型
U0675,2026-08-13,complete_task,雅思留学型
U0675,2026-08-13,register,雅思留学型
U0675,2026-08-13,start_learning,雅思留学型
U0675,2026-08-20,complete_task,雅思留学型
U0675,2026-08-20,open_app,雅思留学型
U0675,2026-08-20,start_learning,雅思留学型
U0675,2026-08-22,churn_flag,雅思留学型
U0676,2026-08-15,complete_task,兴趣提升型
U0676,2026-08-15,register,兴趣提升型
U0676,2026-08-15,start_learning,兴趣提升型
U0677,2026-08-12,complete_task,雅思留学型
U0677,2026-08-12,register,雅思留学型
U0677,2026-08-12,start_learning,雅思留学型
U0678,2026-08-02,complete_task,考研长期型
U0678,2026-08-02,register,考研长期型
U0678,2026-08-02,start_learning,考研长期型
U0678,2026-08-03,open_app,考研长期型
U0678,2026-08-05,open_app,考研长期型
U0678,2026-08-05,start_learning,考研长期型
U0678,2026-08-07,complete_task,考研长期型
U0678,2026-08-07,open_app,考研长期型
U0678,2026-08-08,complete_task,考研长期型
U0678,2026-08-08,open_app,考研长期型
U0678,2026-08-09,complete_task,考研长期型
U0678,2026-08-09,open_app,考研长期型
U0678,2026-08-09,start_learning,考研长期型
U0679,2026-08-11,complete_task,四六级冲刺型
U0679,2026-08-11,register,四六级冲刺型
U0679,2026-08-11,start_learning,四六级冲刺型
U0679,2026-08-12,complete_task,四六级冲刺型
U0679,2026-08-12,open_app,四六级冲刺型
U0679,2026-08-12,start_learning,四六级冲刺型
U0679,2026-08-14,open_app,四六级冲刺型
U0679,2026-08-14,start_learning,四六级冲刺型
U0679,2026-08-18,complete_task,四六级冲刺型
U0679,2026-08-18,open_app,四六级冲刺型
U0679,2026-08-18,start_learning,四六级冲刺型
U0680,2026-08-19,complete_task,四六级冲刺型
U0680,2026-08-19,register,四六级冲刺型
U0680,2026-08-19,start_learning,四六级冲刺型
U0680,2026-08-20,complete_task,四六级冲刺型
U0680,2026-08-20,open_app,四六级冲刺型
U0680,2026-08-20,start_learning,四六级冲刺型
U0680,2026-08-23,open_app,四六级冲刺型
U0680,2026-08-23,start_learning,四六级冲刺型
U0680,2026-08-24,open_app,四六级冲刺型
U0680,2026-08-24,start_learning,四六级冲刺型
U0680,2026-08-25,complete_task,四六级冲刺型
U0680,2026-08-25,open_app,四六级冲刺型
U0680,2026-08-25,start_learning,四六级冲刺型
U0681,2026-08-15,register,兴趣提升型
U0682,2026-08-03,complete_task,四六级冲刺型
U0682,2026-08-03,register,四六级冲刺型
U0682,2026-08-03,start_learning,四六级冲刺型
U0682,2026-08-04,open_app,四六级冲刺型
U0682,2026-08-06,open_app,四六级冲刺型
U0682,2026-08-06,start_learning,四六级冲刺型
U0682,2026-08-09,complete_task,四六级冲刺型
U0682,2026-08-09,open_app,四六级冲刺型
U0682,2026-08-09,start_learning,四六级冲刺型
U0682,2026-08-10,open_app,四六级冲刺型
U0682,2026-08-10,start_learning,四六级冲刺型
U0683,2026-08-20,register,四六级冲刺型
U0684,2026-08-20,complete_task,四六级冲刺型
U0684,2026-08-20,register,四六级冲刺型
U0684,2026-08-20,start_learning,四六级冲刺型
U0684,2026-08-21,open_app,四六级冲刺型
U0684,2026-08-23,open_app,四六级冲刺型
U0684,2026-08-23,start_learning,四六级冲刺型
U0684,2026-08-24,open_app,四六级冲刺型
U0684,2026-08-25,open_app,四六级冲刺型
U0684,2026-08-25,start_learning,四六级冲刺型
U0685,2026-08-04,complete_task,四六级冲刺型
U0685,2026-08-04,register,四六级冲刺型
U0685,2026-08-04,start_learning,四六级冲刺型
U0686,2026-08-17,complete_task,职场提升型
U0686,2026-08-17,register,职场提升型
U0686,2026-08-17,start_learning,职场提升型
U0686,2026-08-18,complete_task,职场提升型
U0686,2026-08-18,open_app,职场提升型
U0686,2026-08-19,complete_task,职场提升型
U0686,2026-08-19,open_app,职场提升型
U0686,2026-08-19,start_learning,职场提升型
U0686,2026-08-22,open_app,职场提升型
U0686,2026-08-22,start_learning,职场提升型
U0686,2026-08-23,open_app,职场提升型
U0686,2026-08-23,start_learning,职场提升型
U0687,2026-08-09,register,考研长期型
U0687,2026-08-09,start_learning,考研长期型
U0688,2026-08-12,complete_task,习惯打卡型
U0688,2026-08-12,register,习惯打卡型
U0688,2026-08-12,start_learning,习惯打卡型
U0688,2026-08-13,complete_task,习惯打卡型
U0688,2026-08-13,open_app,习惯打卡型
U0688,2026-08-13,start_learning,习惯打卡型
U0688,2026-08-14,open_app,习惯打卡型
U0688,2026-08-14,start_learning,习惯打卡型
U0688,2026-08-15,complete_task,习惯打卡型
U0688,2026-08-15,open_app,习惯打卡型
U0688,2026-08-15,start_learning,习惯打卡型
U0688,2026-08-16,complete_task,习惯打卡型
U0688,2026-08-16,open_app,习惯打卡型
U0688,2026-08-16,start_learning,习惯打卡型
U0688,2026-08-17,complete_task,习惯打卡型
U0688,2026-08-17,open_app,习惯打卡型
U0688,2026-08-18,complete_task,习惯打卡型
U0688,2026-08-18,open_app,习惯打卡型
U0689,2026-08-09,register,四六级冲刺型
U0690,2026-08-16,complete_task,职业证书型
U0690,2026-08-16,register,职业证书型
U0690,2026-08-16,start_learning,职业证书型
U0691,2026-08-20,register,雅思留学型
U0691,2026-08-20,start_learning,雅思留学型
U0691,2026-08-21,complete_task,雅思留学型
U0691,2026-08-21,open_app,雅思留学型
U0691,2026-08-21,start_learning,雅思留学型
U0691,2026-08-24,open_app,雅思留学型
U0691,2026-08-24,start_learning,雅思留学型
U0691,2026-08-25,open_app,雅思留学型
U0691,2026-08-25,start_learning,雅思留学型
U0691,2026-08-26,complete_task,雅思留学型
U0691,2026-08-26,open_app,雅思留学型
U0691,2026-08-26,start_learning,雅思留学型
U0692,2026-08-16,complete_task,考研长期型
U0692,2026-08-16,register,考研长期型
U0692,2026-08-16,start_learning,考研长期型
U0692,2026-08-17,complete_task,考研长期型
U0692,2026-08-17,open_app,考研长期型
U0692,2026-08-20,complete_task,考研长期型
U0692,2026-08-20,open_app,考研长期型
U0692,2026-08-20,start_learning,考研长期型
U0692,2026-08-22,complete_task,考研长期型
U0692,2026-08-22,open_app,考研长期型
U0692,2026-08-23,open_app,考研长期型
U0692,2026-08-23,start_learning,考研长期型
U0693,2026-08-19,complete_task,职场提升型
U0693,2026-08-19,register,职场提升型
U0693,2026-08-19,start_learning,职场提升型
U0693,2026-08-20,complete_task,职场提升型
U0693,2026-08-20,open_app,职场提升型
U0693,2026-08-20,start_learning,职场提升型
U0693,2026-08-21,open_app,职场提升型
U0693,2026-08-22,open_app,职场提升型
U0693,2026-08-22,start_learning,职场提升型
U0693,2026-08-23,complete_task,职场提升型
U0693,2026-08-23,open_app,职场提升型
U0693,2026-08-23,start_learning,职场提升型
U0693,2026-08-24,open_app,职场提升型
U0693,2026-08-24,start_learning,职场提升型
U0693,2026-08-25,open_app,职场提升型
U0693,2026-08-25,start_learning,职场提升型
U0694,2026-08-19,complete_task,习惯打卡型
U0694,2026-08-19,register,习惯打卡型
U0694,2026-08-19,start_learning,习惯打卡型
U0695,2026-08-02,register,职场提升型
U0696,2026-08-06,complete_task,四六级冲刺型
U0696,2026-08-06,register,四六级冲刺型
U0696,2026-08-06,start_learning,四六级冲刺型
U0697,2026-08-15,complete_task,考研长期型
U0697,2026-08-15,register,考研长期型
U0697,2026-08-15,start_learning,考研长期型
U0698,2026-08-12,register,职业证书型
U0698,2026-08-12,start_learning,职业证书型
U0698,2026-08-13,open_app,职业证书型
U0698,2026-08-13,start_learning,职业证书型
U0698,2026-08-17,complete_task,职业证书型
U0698,2026-08-17,open_app,职业证书型
U0698,2026-08-18,open_app,职业证书型
U0698,2026-08-18,start_learning,职业证书型
U0698,2026-08-19,complete_task,职业证书型
U0698,2026-08-19,open_app,职业证书型
U0698,2026-08-19,start_learning,职业证书型
U0699,2026-08-02,complete_task,考研长期型
U0699,2026-08-02,register,考研长期型
U0699,2026-08-02,start_learning,考研长期型
U0699,2026-08-14,churn_flag,考研长期型
U0700,2026-08-02,complete_task,兴趣提升型
U0700,2026-08-02,register,兴趣提升型
U0700,2026-08-02,start_learning,兴趣提升型
U0700,2026-08-03,open_app,兴趣提升型
U0700,2026-08-03,start_learning,兴趣提升型
U0700,2026-08-04,open_app,兴趣提升型
U0700,2026-08-04,start_learning,兴趣提升型
U0700,2026-08-07,complete_task,兴趣提升型
U0700,2026-08-07,open_app,兴趣提升型
U0700,2026-08-07,start_learning,兴趣提升型
U0700,2026-08-08,open_app,兴趣提升型
U0700,2026-08-08,start_learning,兴趣提升型
U0701,2026-08-11,complete_task,托福留学型
U0701,2026-08-11,register,托福留学型
U0701,2026-08-11,start_learning,托福留学型
U0701,2026-08-12,complete_task,托福留学型
U0701,2026-08-12,open_app,托福留学型
U0701,2026-08-12,start_learning,托福留学型
U0701,2026-08-15,open_app,托福留学型
U0701,2026-08-15,start_learning,托福留学型
U0701,2026-08-18,open_app,托福留学型
U0701,2026-08-18,start_learning,托福留学型
U0702,2026-08-13,complete_task,托福留学型
U0702,2026-08-13,register,托福留学型
U0702,2026-08-13,start_learning,托福留学型
U0702,2026-08-26,churn_flag,托福留学型
U0703,2026-08-04,register,职场提升型
U0703,2026-08-04,start_learning,职场提升型
U0703,2026-08-05,complete_task,职场提升型
U0703,2026-08-05,open_app,职场提升型
U0703,2026-08-05,start_learning,职场提升型
U0703,2026-08-07,complete_task,职场提升型
U0703,2026-08-07,open_app,职场提升型
U0703,2026-08-07,start_learning,职场提升型
U0703,2026-08-08,complete_task,职场提升型
U0703,2026-08-08,open_app,职场提升型
U0703,2026-08-08,start_learning,职场提升型
U0703,2026-08-09,complete_task,职场提升型
U0703,2026-08-09,open_app,职场提升型
U0703,2026-08-10,complete_task,职场提升型
U0703,2026-08-10,open_app,职场提升型
U0703,2026-08-10,start_learning,职场提升型
U0704,2026-08-04,complete_task,兴趣提升型
U0704,2026-08-04,register,兴趣提升型
U0704,2026-08-04,start_learning,兴趣提升型
U0704,2026-08-05,open_app,兴趣提升型
U0704,2026-08-06,complete_task,兴趣提升型
U0704,2026-08-06,open_app,兴趣提升型
U0704,2026-08-06,start_learning,兴趣提升型
U0704,2026-08-07,complete_task,兴趣提升型
U0704,2026-08-07,open_app,兴趣提升型
U0704,2026-08-07,start_learning,兴趣提升型
U0704,2026-08-08,complete_task,兴趣提升型
U0704,2026-08-08,open_app,兴趣提升型
U0704,2026-08-08,start_learning,兴趣提升型
U0704,2026-08-11,open_app,兴趣提升型
U0704,2026-08-11,start_learning,兴趣提升型
U0705,2026-08-03,complete_task,四六级冲刺型
U0705,2026-08-03,register,四六级冲刺型
U0705,2026-08-03,start_learning,四六级冲刺型
U0705,2026-08-10,complete_task,四六级冲刺型
U0705,2026-08-10,open_app,四六级冲刺型
U0705,2026-08-10,start_learning,四六级冲刺型
U0706,2026-08-12,complete_task,四六级冲刺型
U0706,2026-08-12,register,四六级冲刺型
U0706,2026-08-12,start_learning,四六级冲刺型
U0707,2026-08-01,register,职业证书型
U0708,2026-08-12,complete_task,雅思留学型
U0708,2026-08-12,register,雅思留学型
U0708,2026-08-12,start_learning,雅思留学型
U0708,2026-08-13,open_app,雅思留学型
U0708,2026-08-13,start_learning,雅思留学型
U0708,2026-08-14,open_app,雅思留学型
U0708,2026-08-14,start_learning,雅思留学型
U0708,2026-08-15,open_app,雅思留学型
U0708,2026-08-15,start_learning,雅思留学型
U0708,2026-08-16,complete_task,雅思留学型
U0708,2026-08-16,open_app,雅思留学型
U0708,2026-08-16,start_learning,雅思留学型
U0708,2026-08-17,complete_task,雅思留学型
U0708,2026-08-17,open_app,雅思留学型
U0708,2026-08-17,start_learning,雅思留学型
U0708,2026-08-18,complete_task,雅思留学型
U0708,2026-08-18,open_app,雅思留学型
U0708,2026-08-18,start_learning,雅思留学型
U0708,2026-08-19,complete_task,雅思留学型
U0708,2026-08-19,open_app,雅思留学型
U0708,2026-08-19,start_learning,雅思留学型
U0709,2026-08-10,complete_task,考研长期型
U0709,2026-08-10,register,考研长期型
U0709,2026-08-10,start_learning,考研长期型
U0709,2026-08-11,complete_task,考研长期型
U0709,2026-08-11,open_app,考研长期型
U0709,2026-08-11,start_learning,考研长期型
U0709,2026-08-12,complete_task,考研长期型
U0709,2026-08-12,open_app,考研长期型
U0709,2026-08-12,start_learning,考研长期型
U0709,2026-08-14,open_app,考研长期型
U0709,2026-08-14,start_learning,考研长期型
U0709,2026-08-15,complete_task,考研长期型
U0709,2026-08-15,open_app,考研长期型
U0709,2026-08-15,start_learning,考研长期型
U0709,2026-08-16,complete_task,考研长期型
U0709,2026-08-16,open_app,考研长期型
U0709,2026-08-16,start_learning,考研长期型
U0710,2026-08-10,register,雅思留学型
U0711,2026-08-14,register,兴趣提升型
U0712,2026-08-11,register,职场提升型
U0712,2026-08-11,start_learning,职场提升型
U0712,2026-08-21,churn_flag,职场提升型
U0713,2026-08-15,complete_task,托福留学型
U0713,2026-08-15,register,托福留学型
U0713,2026-08-15,start_learning,托福留学型
U0713,2026-08-16,open_app,托福留学型
U0713,2026-08-16,start_learning,托福留学型
U0713,2026-08-17,complete_task,托福留学型
U0713,2026-08-17,open_app,托福留学型
U0713,2026-08-17,start_learning,托福留学型
U0713,2026-08-20,complete_task,托福留学型
U0713,2026-08-20,open_app,托福留学型
U0713,2026-08-20,start_learning,托福留学型
U0714,2026-08-16,register,考研长期型
U0714,2026-08-16,start_learning,考研长期型
U0715,2026-08-19,complete_task,考研长期型
U0715,2026-08-19,register,考研长期型
U0715,2026-08-19,start_learning,考研长期型
U0715,2026-08-28,churn_flag,考研长期型
U0715,2026-08-31,reactivate,考研长期型
U0715,2026-08-31,start_learning,考研长期型
U0716,2026-08-16,complete_task,托福留学型
U0716,2026-08-16,register,托福留学型
U0716,2026-08-16,start_learning,托福留学型
U0716,2026-08-17,complete_task,托福留学型
U0716,2026-08-17,open_app,托福留学型
U0716,2026-08-17,start_learning,托福留学型
U0716,2026-08-19,open_app,托福留学型
U0716,2026-08-19,start_learning,托福留学型
U0716,2026-08-22,open_app,托福留学型
U0716,2026-08-22,start_learning,托福留学型
U0717,2026-08-11,complete_task,考研长期型
U0717,2026-08-11,register,考研长期型
U0717,2026-08-11,start_learning,考研长期型
U0717,2026-08-12,open_app,考研长期型
U0717,2026-08-13,complete_task,考研长期型
U0717,2026-08-13,open_app,考研长期型
U0717,2026-08-13,start_learning,考研长期型
U0717,2026-08-15,complete_task,考研长期型
U0717,2026-08-15,open_app,考研长期型
U0717,2026-08-15,start_learning,考研长期型
U0717,2026-08-18,open_app,考研长期型
U0717,2026-08-18,start_learning,考研长期型
U0718,2026-08-10,register,托福留学型
U0719,2026-08-05,complete_task,职业证书型
U0719,2026-08-05,register,职业证书型
U0719,2026-08-05,start_learning,职业证书型
U0719,2026-08-06,complete_task,职业证书型
U0719,2026-08-06,open_app,职业证书型
U0719,2026-08-06,start_learning,职业证书型
U0719,2026-08-08,complete_task,职业证书型
U0719,2026-08-08,open_app,职业证书型
U0719,2026-08-08,start_learning,职业证书型
U0719,2026-08-09,complete_task,职业证书型
U0719,2026-08-09,open_app,职业证书型
U0719,2026-08-09,start_learning,职业证书型
U0719,2026-08-12,open_app,职业证书型
U0719,2026-08-12,start_learning,职业证书型
U0720,2026-08-12,register,四六级冲刺型
U0721,2026-08-03,register,四六级冲刺型
U0722,2026-08-19,register,四六级冲刺型
U0723,2026-08-17,register,职场提升型
U0723,2026-08-17,start_learning,职场提升型
U0724,2026-08-03,register,职业证书型
U0725,2026-08-16,register,四六级冲刺型
U0726,2026-08-03,register,职场提升型
U0727,2026-08-15,complete_task,雅思留学型
U0727,2026-08-15,register,雅思留学型
U0727,2026-08-15,start_learning,雅思留学型
U0728,2026-08-02,register,雅思留学型
U0729,2026-08-10,register,习惯打卡型
U0730,2026-08-14,register,四六级冲刺型
U0731,2026-08-15,register,四六级冲刺型
U0731,2026-08-15,start_learning,四六级冲刺型
U0731,2026-08-16,complete_task,四六级冲刺型
U0731,2026-08-16,open_app,四六级冲刺型
U0731,2026-08-16,start_learning,四六级冲刺型
U0731,2026-08-18,open_app,四六级冲刺型
U0731,2026-08-18,start_learning,四六级冲刺型
U0731,2026-08-20,complete_task,四六级冲刺型
U0731,2026-08-20,open_app,四六级冲刺型
U0731,2026-08-20,start_learning,四六级冲刺型
U0731,2026-08-21,open_app,四六级冲刺型
U0731,2026-08-21,start_learning,四六级冲刺型
U0732,2026-08-09,register,托福留学型
U0733,2026-08-19,complete_task,四六级冲刺型
U0733,2026-08-19,register,四六级冲刺型
U0733,2026-08-19,start_learning,四六级冲刺型
U0733,2026-08-28,churn_flag,四六级冲刺型
U0734,2026-08-16,complete_task,职业证书型
U0734,2026-08-16,register,职业证书型
U0734,2026-08-16,start_learning,职业证书型
U0734,2026-08-24,churn_flag,职业证书型
U0734,2026-08-29,reactivate,职业证书型
U0734,2026-08-29,start_learning,职业证书型
U0735,2026-08-05,register,四六级冲刺型
U0735,2026-08-05,start_learning,四六级冲刺型
U0735,2026-08-06,complete_task,四六级冲刺型
U0735,2026-08-06,open_app,四六级冲刺型
U0735,2026-08-06,start_learning,四六级冲刺型
U0735,2026-08-07,complete_task,四六级冲刺型
U0735,2026-08-07,open_app,四六级冲刺型
U0735,2026-08-07,start_learning,四六级冲刺型
U0735,2026-08-11,complete_task,四六级冲刺型
U0735,2026-08-11,open_app,四六级冲刺型
U0735,2026-08-11,start_learning,四六级冲刺型
U0735,2026-08-12,open_app,四六级冲刺型
U0735,2026-08-12,start_learning,四六级冲刺型
U0736,2026-08-14,complete_task,四六级冲刺型
U0736,2026-08-14,register,四六级冲刺型
U0736,2026-08-14,start_learning,四六级冲刺型
U0737,2026-08-15,complete_task,四六级冲刺型
U0737,2026-08-15,register,四六级冲刺型
U0737,2026-08-15,start_learning,四六级冲刺型
U0737,2026-08-16,complete_task,四六级冲刺型
U0737,2026-08-16,open_app,四六级冲刺型
U0737,2026-08-16,start_learning,四六级冲刺型
U0737,2026-08-18,open_app,四六级冲刺型
U0737,2026-08-18,start_learning,四六级冲刺型
U0737,2026-08-20,complete_task,四六级冲刺型
U0737,2026-08-20,open_app,四六级冲刺型
U0737,2026-08-20,start_learning,四六级冲刺型
U0737,2026-08-21,complete_task,四六级冲刺型
U0737,2026-08-21,open_app,四六级冲刺型
U0737,2026-08-21,start_learning,四六级冲刺型
U0737,2026-08-22,complete_task,四六级冲刺型
U0737,2026-08-22,open_app,四六级冲刺型
U0737,2026-08-22,start_learning,四六级冲刺型
U0738,2026-08-07,register,雅思留学型
U0739,2026-08-15,register,四六级冲刺型
U0739,2026-08-15,start_learning,四六级冲刺型
U0739,2026-08-16,open_app,四六级冲刺型
U0739,2026-08-16,start_learning,四六级冲刺型
U0739,2026-08-17,complete_task,四六级冲刺型
U0739,2026-08-17,open_app,四六级冲刺型
U0739,2026-08-17,start_learning,四六级冲刺型
U0739,2026-08-18,complete_task,四六级冲刺型
U0739,2026-08-18,open_app,四六级冲刺型
U0739,2026-08-18,start_learning,四六级冲刺型
U0739,2026-08-19,complete_task,四六级冲刺型
U0739,2026-08-19,open_app,四六级冲刺型
U0739,2026-08-19,start_learning,四六级冲刺型
U0739,2026-08-20,open_app,四六级冲刺型
U0739,2026-08-21,complete_task,四六级冲刺型
U0739,2026-08-21,open_app,四六级冲刺型
U0739,2026-08-21,start_learning,四六级冲刺型
U0739,2026-08-22,complete_task,四六级冲刺型
U0739,2026-08-22,open_app,四六级冲刺型
U0739,2026-08-22,start_learning,四六级冲刺型
U0740,2026-08-18,register,四六级冲刺型
U0741,2026-08-17,register,职场提升型
U0742,2026-08-16,complete_task,考研长期型
U0742,2026-08-16,register,考研长期型
U0742,2026-08-16,start_learning,考研长期型
U0742,2026-08-17,complete_task,考研长期型
U0742,2026-08-17,open_app,考研长期型
U0742,2026-08-17,start_learning,考研长期型
U0742,2026-08-21,complete_task,考研长期型
U0742,2026-08-21,open_app,考研长期型
U0742,2026-08-21,start_learning,考研长期型
U0742,2026-08-23,complete_task,考研长期型
U0742,2026-08-23,open_app,考研长期型
U0742,2026-08-23,start_learning,考研长期型
U0742,2026-08-25,churn_flag,考研长期型
U0743,2026-08-13,register,考研长期型
U0744,2026-08-06,complete_task,四六级冲刺型
U0744,2026-08-06,register,四六级冲刺型
U0744,2026-08-06,start_learning,四六级冲刺型
U0744,2026-08-15,churn_flag,四六级冲刺型
U0745,2026-08-16,register,考研长期型
U0745,2026-08-16,start_learning,考研长期型
U0745,2026-08-17,open_app,考研长期型
U0745,2026-08-17,start_learning,考研长期型
U0745,2026-08-19,complete_task,考研长期型
U0745,2026-08-19,open_app,考研长期型
U0745,2026-08-19,start_learning,考研长期型
U0745,2026-08-20,complete_task,考研长期型
U0745,2026-08-20,open_app,考研长期型
U0745,2026-08-20,start_learning,考研长期型
U0745,2026-08-21,complete_task,考研长期型
U0745,2026-08-21,open_app,考研长期型
U0745,2026-08-21,start_learning,考研长期型
U0745,2026-08-22,complete_task,考研长期型
U0745,2026-08-22,open_app,考研长期型
U0746,2026-08-08,register,考研长期型
U0747,2026-08-11,complete_task,职业证书型
U0747,2026-08-11,register,职业证书型
U0747,2026-08-11,start_learning,职业证书型
U0747,2026-08-12,open_app,职业证书型
U0747,2026-08-12,start_learning,职业证书型
U0748,2026-08-07,register,四六级冲刺型
U0749,2026-08-07,register,职场提升型
U0749,2026-08-07,start_learning,职场提升型
U0749,2026-08-08,open_app,职场提升型
U0749,2026-08-08,start_learning,职场提升型
U0749,2026-08-09,complete_task,职场提升型
U0749,2026-08-09,open_app,职场提升型
U0749,2026-08-09,start_learning,职场提升型
U0749,2026-08-10,open_app,职场提升型
U0749,2026-08-11,open_app,职场提升型
U0749,2026-08-13,complete_task,职场提升型
U0749,2026-08-13,open_app,职场提升型
U0749,2026-08-13,start_learning,职场提升型
U0749,2026-08-14,open_app,职场提升型
U0749,2026-08-14,start_learning,职场提升型
U0749,2026-08-17,churn_flag,职场提升型
U0750,2026-08-04,complete_task,习惯打卡型
U0750,2026-08-04,register,习惯打卡型
U0750,2026-08-04,start_learning,习惯打卡型
U0750,2026-08-05,open_app,习惯打卡型
U0750,2026-08-05,start_learning,习惯打卡型
U0750,2026-08-06,open_app,习惯打卡型
U0750,2026-08-08,open_app,习惯打卡型
U0750,2026-08-08,start_learning,习惯打卡型
U0750,2026-08-09,open_app,习惯打卡型
U0750,2026-08-10,complete_task,习惯打卡型
U0750,2026-08-10,open_app,习惯打卡型
U0750,2026-08-10,start_learning,习惯打卡型
U0751,2026-08-20,complete_task,四六级冲刺型
U0751,2026-08-20,register,四六级冲刺型
U0751,2026-08-20,start_learning,四六级冲刺型
U0751,2026-08-21,complete_task,四六级冲刺型
U0751,2026-08-21,open_app,四六级冲刺型
U0751,2026-08-23,open_app,四六级冲刺型
U0751,2026-08-23,start_learning,四六级冲刺型
U0751,2026-08-25,complete_task,四六级冲刺型
U0751,2026-08-25,open_app,四六级冲刺型
U0751,2026-08-25,start_learning,四六级冲刺型
U0751,2026-08-26,open_app,四六级冲刺型
U0751,2026-08-26,start_learning,四六级冲刺型
U0751,2026-08-27,complete_task,四六级冲刺型
U0751,2026-08-27,open_app,四六级冲刺型
U0751,2026-08-27,start_learning,四六级冲刺型
U0752,2026-08-03,register,四六级冲刺型
U0752,2026-08-03,start_learning,四六级冲刺型
U0752,2026-08-04,complete_task,四六级冲刺型
U0752,2026-08-04,open_app,四六级冲刺型
U0752,2026-08-04,start_learning,四六级冲刺型
U0752,2026-08-14,churn_flag,四六级冲刺型
U0753,2026-08-02,register,四六级冲刺型
U0754,2026-08-19,complete_task,职业证书型
U0754,2026-08-19,register,职业证书型
U0754,2026-08-19,start_learning,职业证书型
U0754,2026-08-20,complete_task,职业证书型
U0754,2026-08-20,open_app,职业证书型
U0754,2026-08-20,start_learning,职业证书型
U0754,2026-08-23,complete_task,职业证书型
U0754,2026-08-23,open_app,职业证书型
U0754,2026-08-23,start_learning,职业证书型
U0754,2026-09-01,churn_flag,职业证书型
U0755,2026-08-12,complete_task,四六级冲刺型
U0755,2026-08-12,register,四六级冲刺型
U0755,2026-08-12,start_learning,四六级冲刺型
U0755,2026-08-13,complete_task,四六级冲刺型
U0755,2026-08-13,open_app,四六级冲刺型
U0755,2026-08-13,start_learning,四六级冲刺型
U0755,2026-08-14,complete_task,四六级冲刺型
U0755,2026-08-14,open_app,四六级冲刺型
U0755,2026-08-14,start_learning,四六级冲刺型
U0755,2026-08-15,open_app,四六级冲刺型
U0755,2026-08-15,start_learning,四六级冲刺型
U0755,2026-08-17,complete_task,四六级冲刺型
U0755,2026-08-17,open_app,四六级冲刺型
U0755,2026-08-17,start_learning,四六级冲刺型
U0755,2026-08-18,complete_task,四六级冲刺型
U0755,2026-08-18,open_app,四六级冲刺型
U0755,2026-08-18,start_learning,四六级冲刺型
U0756,2026-08-09,complete_task,职场提升型
U0756,2026-08-09,register,职场提升型
U0756,2026-08-09,start_learning,职场提升型
U0757,2026-08-15,complete_task,兴趣提升型
U0757,2026-08-15,register,兴趣提升型
U0757,2026-08-15,start_learning,兴趣提升型
U0757,2026-08-26,churn_flag,兴趣提升型
U0758,2026-08-08,register,职场提升型
U0758,2026-08-08,start_learning,职场提升型
U0758,2026-08-09,complete_task,职场提升型
U0758,2026-08-09,open_app,职场提升型
U0758,2026-08-09,start_learning,职场提升型
U0758,2026-08-10,complete_task,职场提升型
U0758,2026-08-10,open_app,职场提升型
U0759,2026-08-03,register,托福留学型
U0759,2026-08-03,start_learning,托福留学型
U0760,2026-08-15,complete_task,习惯打卡型
U0760,2026-08-15,register,习惯打卡型
U0760,2026-08-15,start_learning,习惯打卡型
U0760,2026-08-16,complete_task,习惯打卡型
U0760,2026-08-16,open_app,习惯打卡型
U0760,2026-08-16,start_learning,习惯打卡型
U0760,2026-08-18,complete_task,习惯打卡型
U0760,2026-08-18,open_app,习惯打卡型
U0760,2026-08-18,start_learning,习惯打卡型
U0760,2026-08-20,complete_task,习惯打卡型
U0760,2026-08-20,open_app,习惯打卡型
U0760,2026-08-20,start_learning,习惯打卡型
U0760,2026-08-22,open_app,习惯打卡型
U0760,2026-08-22,start_learning,习惯打卡型
U0760,2026-08-26,churn_flag,习惯打卡型
U0761,2026-08-04,complete_task,四六级冲刺型
U0761,2026-08-04,register,四六级冲刺型
U0761,2026-08-04,start_learning,四六级冲刺型
U0761,2026-08-05,complete_task,四六级冲刺型
U0761,2026-08-05,open_app,四六级冲刺型
U0761,2026-08-05,start_learning,四六级冲刺型
U0761,2026-08-06,open_app,四六级冲刺型
U0761,2026-08-06,start_learning,四六级冲刺型
U0761,2026-08-07,complete_task,四六级冲刺型
U0761,2026-08-07,open_app,四六级冲刺型
U0761,2026-08-08,complete_task,四六级冲刺型
U0761,2026-08-08,open_app,四六级冲刺型
U0761,2026-08-08,start_learning,四六级冲刺型
U0761,2026-08-09,open_app,四六级冲刺型
U0761,2026-08-11,complete_task,四六级冲刺型
U0761,2026-08-11,open_app,四六级冲刺型
U0761,2026-08-11,start_learning,四六级冲刺型
U0762,2026-08-12,complete_task,雅思留学型
U0762,2026-08-12,register,雅思留学型
U0762,2026-08-12,start_learning,雅思留学型
U0762,2026-08-13,open_app,雅思留学型
U0762,2026-08-13,start_learning,雅思留学型
U0762,2026-08-14,open_app,雅思留学型
U0762,2026-08-14,start_learning,雅思留学型
U0762,2026-08-16,open_app,雅思留学型
U0762,2026-08-16,start_learning,雅思留学型
U0762,2026-08-17,complete_task,雅思留学型
U0762,2026-08-17,open_app,雅思留学型
U0762,2026-08-17,start_learning,雅思留学型
U0762,2026-08-18,open_app,雅思留学型
U0763,2026-08-19,complete_task,考研长期型
U0763,2026-08-19,register,考研长期型
U0763,2026-08-19,start_learning,考研长期型
U0763,2026-09-02,churn_flag,考研长期型
U0763,2026-09-07,reactivate,考研长期型
U0763,2026-09-07,start_learning,考研长期型
U0764,2026-08-19,complete_task,习惯打卡型
U0764,2026-08-19,register,习惯打卡型
U0764,2026-08-19,start_learning,习惯打卡型
U0764,2026-08-20,complete_task,习惯打卡型
U0764,2026-08-20,open_app,习惯打卡型
U0764,2026-08-20,start_learning,习惯打卡型
U0764,2026-08-21,open_app,习惯打卡型
U0764,2026-08-21,start_learning,习惯打卡型
U0764,2026-08-22,complete_task,习惯打卡型
U0764,2026-08-22,open_app,习惯打卡型
U0764,2026-08-22,start_learning,习惯打卡型
U0764,2026-08-25,open_app,习惯打卡型
U0764,2026-08-25,start_learning,习惯打卡型
U0765,2026-08-08,complete_task,托福留学型
U0765,2026-08-08,register,托福留学型
U0765,2026-08-08,start_learning,托福留学型
U0765,2026-08-09,open_app,托福留学型
U0765,2026-08-09,start_learning,托福留学型
U0765,2026-08-12,complete_task,托福留学型
U0765,2026-08-12,open_app,托福留学型
U0765,2026-08-13,complete_task,托福留学型
U0765,2026-08-13,open_app,托福留学型
U0765,2026-08-13,start_learning,托福留学型
U0766,2026-08-16,register,职场提升型
U0767,2026-08-13,complete_task,四六级冲刺型
U0767,2026-08-13,register,四六级冲刺型
U0767,2026-08-13,start_learning,四六级冲刺型
U0768,2026-08-10,complete_task,习惯打卡型
U0768,2026-08-10,register,习惯打卡型
U0768,2026-08-10,start_learning,习惯打卡型
U0768,2026-08-11,open_app,习惯打卡型
U0768,2026-08-11,start_learning,习惯打卡型
U0768,2026-08-13,complete_task,习惯打卡型
U0768,2026-08-13,open_app,习惯打卡型
U0768,2026-08-13,start_learning,习惯打卡型
U0768,2026-08-14,open_app,习惯打卡型
U0768,2026-08-14,start_learning,习惯打卡型
U0768,2026-08-15,open_app,习惯打卡型
U0768,2026-08-15,start_learning,习惯打卡型
U0768,2026-08-17,complete_task,习惯打卡型
U0768,2026-08-17,open_app,习惯打卡型
U0768,2026-08-17,start_learning,习惯打卡型
U0769,2026-08-03,register,雅思留学型
U0770,2026-08-08,register,雅思留学型
U0771,2026-08-14,complete_task,习惯打卡型
U0771,2026-08-14,register,习惯打卡型
U0771,2026-08-14,start_learning,习惯打卡型
U0772,2026-08-20,register,考研长期型
U0773,2026-08-01,complete_task,考研长期型
U0773,2026-08-01,register,考研长期型
U0773,2026-08-01,start_learning,考研长期型
U0774,2026-08-15,register,托福留学型
U0774,2026-08-15,start_learning,托福留学型
U0774,2026-08-28,churn_flag,托福留学型
U0775,2026-08-17,complete_task,四六级冲刺型
U0775,2026-08-17,register,四六级冲刺型
U0775,2026-08-17,start_learning,四六级冲刺型
U0775,2026-08-18,complete_task,四六级冲刺型
U0775,2026-08-18,open_app,四六级冲刺型
U0775,2026-08-19,open_app,四六级冲刺型
U0775,2026-08-21,complete_task,四六级冲刺型
U0775,2026-08-21,open_app,四六级冲刺型
U0775,2026-08-21,start_learning,四六级冲刺型
U0775,2026-08-22,complete_task,四六级冲刺型
U0775,2026-08-22,open_app,四六级冲刺型
U0775,2026-08-23,complete_task,四六级冲刺型
U0775,2026-08-23,open_app,四六级冲刺型
U0775,2026-08-23,start_learning,四六级冲刺型
U0776,2026-08-20,complete_task,考研长期型
U0776,2026-08-20,register,考研长期型
U0776,2026-08-20,start_learning,考研长期型
U0776,2026-08-21,open_app,考研长期型
U0776,2026-08-21,start_learning,考研长期型
U0776,2026-08-23,complete_task,考研长期型
U0776,2026-08-23,open_app,考研长期型
U0776,2026-08-23,start_learning,考研长期型
U0776,2026-08-24,complete_task,考研长期型
U0776,2026-08-24,open_app,考研长期型
U0776,2026-08-24,start_learning,考研长期型
U0776,2026-08-25,open_app,考研长期型
U0776,2026-08-26,complete_task,考研长期型
U0776,2026-08-26,open_app,考研长期型
U0776,2026-08-26,start_learning,考研长期型
U0777,2026-08-09,complete_task,四六级冲刺型
U0777,2026-08-09,register,四六级冲刺型
U0777,2026-08-09,start_learning,四六级冲刺型
U0777,2026-08-22,churn_flag,四六级冲刺型
U0778,2026-08-03,complete_task,四六级冲刺型
U0778,2026-08-03,register,四六级冲刺型
U0778,2026-08-03,start_learning,四六级冲刺型
U0778,2026-08-04,open_app,四六级冲刺型
U0778,2026-08-04,start_learning,四六级冲刺型
U0778,2026-08-05,complete_task,四六级冲刺型
U0778,2026-08-05,open_app,四六级冲刺型
U0778,2026-08-05,start_learning,四六级冲刺型
U0778,2026-08-06,open_app,四六级冲刺型
U0778,2026-08-06,start_learning,四六级冲刺型
U0778,2026-08-08,open_app,四六级冲刺型
U0778,2026-08-08,start_learning,四六级冲刺型
U0779,2026-08-06,complete_task,职场提升型
U0779,2026-08-06,register,职场提升型
U0779,2026-08-06,start_learning,职场提升型
U0779,2026-08-07,complete_task,职场提升型
U0779,2026-08-07,open_app,职场提升型
U0779,2026-08-07,start_learning,职场提升型
U0779,2026-08-09,complete_task,职场提升型
U0779,2026-08-09,open_app,职场提升型
U0779,2026-08-09,start_learning,职场提升型
U0779,2026-08-10,open_app,职场提升型
U0779,2026-08-11,complete_task,职场提升型
U0779,2026-08-11,open_app,职场提升型
U0779,2026-08-11,start_learning,职场提升型
U0779,2026-08-12,open_app,职场提升型
U0779,2026-08-12,start_learning,职场提升型
U0779,2026-08-13,open_app,职场提升型
U0779,2026-08-13,start_learning,职场提升型
U0780,2026-08-18,complete_task,托福留学型
U0780,2026-08-18,register,托福留学型
U0780,2026-08-18,start_learning,托福留学型
U0780,2026-08-19,open_app,托福留学型
U0780,2026-08-19,start_learning,托福留学型
U0780,2026-08-20,complete_task,托福留学型
U0780,2026-08-20,open_app,托福留学型
U0780,2026-08-20,start_learning,托福留学型
U0780,2026-08-26,churn_flag,托福留学型
U0781,2026-08-18,complete_task,考研长期型
U0781,2026-08-18,register,考研长期型
U0781,2026-08-18,start_learning,考研长期型
U0781,2026-08-30,churn_flag,考研长期型
U0781,2026-09-06,reactivate,考研长期型
U0781,2026-09-06,start_learning,考研长期型
U0782,2026-08-13,complete_task,雅思留学型
U0782,2026-08-13,register,雅思留学型
U0782,2026-08-13,start_learning,雅思留学型
U0783,2026-08-03,register,雅思留学型
U0784,2026-08-03,register,职业证书型
U0785,2026-08-10,complete_task,习惯打卡型
U0785,2026-08-10,register,习惯打卡型
U0785,2026-08-10,start_learning,习惯打卡型
U0786,2026-08-12,complete_task,习惯打卡型
U0786,2026-08-12,register,习惯打卡型
U0786,2026-08-12,start_learning,习惯打卡型
U0787,2026-08-01,register,考研长期型
U0788,2026-08-14,complete_task,考研长期型
U0788,2026-08-14,register,考研长期型
U0788,2026-08-14,start_learning,考研长期型
U0789,2026-08-11,complete_task,雅思留学型
U0789,2026-08-11,register,雅思留学型
U0789,2026-08-11,start_learning,雅思留学型
U0789,2026-08-12,open_app,雅思留学型
U0789,2026-08-12,start_learning,雅思留学型
U0789,2026-08-14,complete_task,雅思留学型
U0789,2026-08-14,open_app,雅思留学型
U0789,2026-08-14,start_learning,雅思留学型
U0789,2026-08-18,open_app,雅思留学型
U0789,2026-08-18,start_learning,雅思留学型
U0790,2026-08-01,register,托福留学型
U0791,2026-08-02,complete_task,雅思留学型
U0791,2026-08-02,register,雅思留学型
U0791,2026-08-02,start_learning,雅思留学型
U0791,2026-08-03,open_app,雅思留学型
U0791,2026-08-03,start_learning,雅思留学型
U0791,2026-08-05,open_app,雅思留学型
U0791,2026-08-05,start_learning,雅思留学型
U0791,2026-08-07,open_app,雅思留学型
U0791,2026-08-07,start_learning,雅思留学型
U0791,2026-08-08,complete_task,雅思留学型
U0791,2026-08-08,open_app,雅思留学型
U0791,2026-08-08,start_learning,雅思留学型
U0791,2026-08-09,open_app,雅思留学型
U0791,2026-08-09,start_learning,雅思留学型
U0792,2026-08-10,complete_task,职业证书型
U0792,2026-08-10,register,职业证书型
U0792,2026-08-10,start_learning,职业证书型
U0792,2026-08-21,churn_flag,职业证书型
U0793,2026-08-15,complete_task,托福留学型
U0793,2026-08-15,register,托福留学型
U0793,2026-08-15,start_learning,托福留学型
U0793,2026-08-16,complete_task,托福留学型
U0793,2026-08-16,open_app,托福留学型
U0793,2026-08-16,start_learning,托福留学型
U0793,2026-08-18,open_app,托福留学型
U0793,2026-08-20,complete_task,托福留学型
U0793,2026-08-20,open_app,托福留学型
U0793,2026-08-20,start_learning,托福留学型
U0794,2026-08-17,complete_task,考研长期型
U0794,2026-08-17,register,考研长期型
U0794,2026-08-17,start_learning,考研长期型
U0794,2026-08-18,complete_task,考研长期型
U0794,2026-08-18,open_app,考研长期型
U0794,2026-08-19,complete_task,考研长期型
U0794,2026-08-19,open_app,考研长期型
U0794,2026-08-19,start_learning,考研长期型
U0794,2026-08-20,complete_task,考研长期型
U0794,2026-08-20,open_app,考研长期型
U0794,2026-08-20,start_learning,考研长期型
U0794,2026-08-21,complete_task,考研长期型
U0794,2026-08-21,open_app,考研长期型
U0794,2026-08-21,start_learning,考研长期型
U0795,2026-08-09,register,考研长期型
U0795,2026-08-09,start_learning,考研长期型
U0795,2026-08-10,open_app,考研长期型
U0795,2026-08-12,complete_task,考研长期型
U0795,2026-08-12,open_app,考研长期型
U0795,2026-08-12,start_learning,考研长期型
U0795,2026-08-15,open_app,考研长期型
U0795,2026-08-18,churn_flag,考研长期型
U0795,2026-08-20,reactivate,考研长期型
U0795,2026-08-20,start_learning,考研长期型
U0796,2026-08-06,register,考研长期型
U0796,2026-08-06,start_learning,考研长期型
U0796,2026-08-07,open_app,考研长期型
U0796,2026-08-07,start_learning,考研长期型
U0796,2026-08-09,open_app,考研长期型
U0796,2026-08-09,start_learning,考研长期型
U0796,2026-08-11,complete_task,考研长期型
U0796,2026-08-11,open_app,考研长期型
U0796,2026-08-11,start_learning,考研长期型
U0796,2026-08-13,complete_task,考研长期型
U0796,2026-08-13,open_app,考研长期型
U0796,2026-08-13,start_learning,考研长期型
U0797,2026-08-20,register,四六级冲刺型
U0797,2026-08-20,start_learning,四六级冲刺型
U0797,2026-09-03,churn_flag,四六级冲刺型
U0798,2026-08-10,complete_task,四六级冲刺型
U0798,2026-08-10,register,四六级冲刺型
U0798,2026-08-10,start_learning,四六级冲刺型
U0798,2026-08-11,complete_task,四六级冲刺型
U0798,2026-08-11,open_app,四六级冲刺型
U0798,2026-08-11,start_learning,四六级冲刺型
U0798,2026-08-12,open_app,四六级冲刺型
U0798,2026-08-12,start_learning,四六级冲刺型
U0798,2026-08-13,open_app,四六级冲刺型
U0798,2026-08-13,start_learning,四六级冲刺型
U0798,2026-08-15,complete_task,四六级冲刺型
U0798,2026-08-15,open_app,四六级冲刺型
U0798,2026-08-17,open_app,四六级冲刺型
U0798,2026-08-17,start_learning,四六级冲刺型
U0798,2026-08-18,churn_flag,四六级冲刺型
U0799,2026-08-07,register,兴趣提升型
U0800,2026-08-09,complete_task,考研长期型
U0800,2026-08-09,register,考研长期型
U0800,2026-08-09,start_learning,考研长期型
U0800,2026-08-10,open_app,考研长期型
U0800,2026-08-10,start_learning,考研长期型
U0800,2026-08-13,complete_task,考研长期型
U0800,2026-08-13,open_app,考研长期型
U0800,2026-08-15,complete_task,考研长期型
U0800,2026-08-15,open_app,考研长期型
U0800,2026-08-15,start_learning,考研长期型
U0800,2026-08-16,complete_task,考研长期型
U0800,2026-08-16,open_app,考研长期型
U0800,2026-08-16,start_learning,考研长期型
U0801,2026-08-01,complete_task,四六级冲刺型
U0801,2026-08-01,register,四六级冲刺型
U0801,2026-08-01,start_learning,四六级冲刺型
U0801,2026-08-02,open_app,四六级冲刺型
U0801,2026-08-02,start_learning,四六级冲刺型
U0801,2026-08-05,complete_task,四六级冲刺型
U0801,2026-08-05,open_app,四六级冲刺型
U0801,2026-08-07,complete_task,四六级冲刺型
U0801,2026-08-07,open_app,四六级冲刺型
U0801,2026-08-07,start_learning,四六级冲刺型
U0801,2026-08-09,churn_flag,四六级冲刺型
U0801,2026-08-14,reactivate,四六级冲刺型
U0801,2026-08-14,start_learning,四六级冲刺型
U0802,2026-08-07,complete_task,托福留学型
U0802,2026-08-07,register,托福留学型
U0802,2026-08-07,start_learning,托福留学型
U0802,2026-08-08,complete_task,托福留学型
U0802,2026-08-08,open_app,托福留学型
U0802,2026-08-08,start_learning,托福留学型
U0802,2026-08-09,open_app,托福留学型
U0802,2026-08-11,open_app,托福留学型
U0802,2026-08-11,start_learning,托福留学型
U0802,2026-08-12,complete_task,托福留学型
U0802,2026-08-12,open_app,托福留学型
U0802,2026-08-12,start_learning,托福留学型
U0803,2026-08-11,complete_task,兴趣提升型
U0803,2026-08-11,register,兴趣提升型
U0803,2026-08-11,start_learning,兴趣提升型
U0803,2026-08-12,complete_task,兴趣提升型
U0803,2026-08-12,open_app,兴趣提升型
U0803,2026-08-12,start_learning,兴趣提升型
U0803,2026-08-14,complete_task,兴趣提升型
U0803,2026-08-14,open_app,兴趣提升型
U0803,2026-08-14,start_learning,兴趣提升型
U0803,2026-08-15,complete_task,兴趣提升型
U0803,2026-08-15,open_app,兴趣提升型
U0803,2026-08-18,open_app,兴趣提升型
U0803,2026-08-18,start_learning,兴趣提升型
U0804,2026-08-19,complete_task,考研长期型
U0804,2026-08-19,register,考研长期型
U0804,2026-08-19,start_learning,考研长期型
U0804,2026-08-20,complete_task,考研长期型
U0804,2026-08-20,open_app,考研长期型
U0804,2026-08-20,start_learning,考研长期型
U0804,2026-08-21,open_app,考研长期型
U0804,2026-08-21,start_learning,考研长期型
U0804,2026-08-22,open_app,考研长期型
U0804,2026-08-22,start_learning,考研长期型
U0804,2026-08-26,complete_task,考研长期型
U0804,2026-08-26,open_app,考研长期型
U0804,2026-08-26,start_learning,考研长期型
U0805,2026-08-15,complete_task,职场提升型
U0805,2026-08-15,register,职场提升型
U0805,2026-08-15,start_learning,职场提升型
U0805,2026-08-25,churn_flag,职场提升型
U0805,2026-08-30,reactivate,职场提升型
U0805,2026-08-30,start_learning,职场提升型
U0806,2026-08-16,complete_task,习惯打卡型
U0806,2026-08-16,register,习惯打卡型
U0806,2026-08-16,start_learning,习惯打卡型
U0806,2026-08-17,open_app,习惯打卡型
U0806,2026-08-17,start_learning,习惯打卡型
U0806,2026-08-18,complete_task,习惯打卡型
U0806,2026-08-18,open_app,习惯打卡型
U0806,2026-08-20,complete_task,习惯打卡型
U0806,2026-08-20,open_app,习惯打卡型
U0806,2026-08-20,start_learning,习惯打卡型
U0806,2026-08-21,open_app,习惯打卡型
U0806,2026-08-21,start_learning,习惯打卡型
U0806,2026-08-23,open_app,习惯打卡型
U0806,2026-08-23,start_learning,习惯打卡型
U0807,2026-08-11,register,托福留学型
U0808,2026-08-03,complete_task,职业证书型
U0808,2026-08-03,register,职业证书型
U0808,2026-08-03,start_learning,职业证书型
U0809,2026-08-08,register,四六级冲刺型
U0810,2026-08-20,register,习惯打卡型
U0810,2026-08-20,start_learning,习惯打卡型
U0810,2026-08-21,open_app,习惯打卡型
U0810,2026-08-21,start_learning,习惯打卡型
U0810,2026-08-25,open_app,习惯打卡型
U0810,2026-08-27,complete_task,习惯打卡型
U0810,2026-08-27,open_app,习惯打卡型
U0810,2026-08-27,start_learning,习惯打卡型
U0811,2026-08-01,complete_task,考研长期型
U0811,2026-08-01,register,考研长期型
U0811,2026-08-01,start_learning,考研长期型
U0811,2026-08-02,complete_task,考研长期型
U0811,2026-08-02,open_app,考研长期型
U0811,2026-08-02,start_learning,考研长期型
U0811,2026-08-04,complete_task,考研长期型
U0811,2026-08-04,open_app,考研长期型
U0811,2026-08-04,start_learning,考研长期型
U0811,2026-08-07,complete_task,考研长期型
U0811,2026-08-07,open_app,考研长期型
U0811,2026-08-07,start_learning,考研长期型
U0811,2026-08-08,open_app,考研长期型
U0811,2026-08-08,start_learning,考研长期型
U0811,2026-08-15,churn_flag,考研长期型
U0812,2026-08-18,complete_task,习惯打卡型
U0812,2026-08-18,register,习惯打卡型
U0812,2026-08-18,start_learning,习惯打卡型
U0812,2026-08-19,complete_task,习惯打卡型
U0812,2026-08-19,open_app,习惯打卡型
U0812,2026-08-19,start_learning,习惯打卡型
U0812,2026-08-20,complete_task,习惯打卡型
U0812,2026-08-20,open_app,习惯打卡型
U0812,2026-08-21,open_app,习惯打卡型
U0812,2026-08-21,start_learning,习惯打卡型
U0813,2026-08-14,register,托福留学型
U0814,2026-08-06,register,四六级冲刺型
U0815,2026-08-16,complete_task,四六级冲刺型
U0815,2026-08-16,register,四六级冲刺型
U0815,2026-08-16,start_learning,四六级冲刺型
U0815,2026-08-17,open_app,四六级冲刺型
U0815,2026-08-17,start_learning,四六级冲刺型
U0815,2026-08-18,open_app,四六级冲刺型
U0815,2026-08-18,start_learning,四六级冲刺型
U0815,2026-08-19,open_app,四六级冲刺型
U0815,2026-08-19,start_learning,四六级冲刺型
U0815,2026-08-21,open_app,四六级冲刺型
U0815,2026-08-21,start_learning,四六级冲刺型
U0815,2026-08-23,complete_task,四六级冲刺型
U0815,2026-08-23,open_app,四六级冲刺型
U0815,2026-08-23,start_learning,四六级冲刺型
U0816,2026-08-17,complete_task,兴趣提升型
U0816,2026-08-17,register,兴趣提升型
U0816,2026-08-17,start_learning,兴趣提升型
U0816,2026-08-18,complete_task,兴趣提升型
U0816,2026-08-18,open_app,兴趣提升型
U0816,2026-08-18,start_learning,兴趣提升型
U0816,2026-08-21,complete_task,兴趣提升型
U0816,2026-08-21,open_app,兴趣提升型
U0816,2026-08-21,start_learning,兴趣提升型
U0817,2026-08-01,register,托福留学型
U0818,2026-08-03,register,四六级冲刺型
U0819,2026-08-14,register,兴趣提升型
U0819,2026-08-14,start_learning,兴趣提升型
U0819,2026-08-25,churn_flag,兴趣提升型
U0820,2026-08-20,complete_task,职场提升型
U0820,2026-08-20,register,职场提升型
U0820,2026-08-20,start_learning,职场提升型
U0820,2026-08-21,complete_task,职场提升型
U0820,2026-08-21,open_app,职场提升型
U0820,2026-08-21,start_learning,职场提升型
U0820,2026-08-23,complete_task,职场提升型
U0820,2026-08-23,open_app,职场提升型
U0820,2026-08-23,start_learning,职场提升型
U0820,2026-08-24,complete_task,职场提升型
U0820,2026-08-24,open_app,职场提升型
U0820,2026-08-24,start_learning,职场提升型
U0820,2026-08-27,complete_task,职场提升型
U0820,2026-08-27,open_app,职场提升型
U0820,2026-08-27,start_learning,职场提升型
U0821,2026-08-01,register,雅思留学型
U0822,2026-08-14,complete_task,雅思留学型
U0822,2026-08-14,register,雅思留学型
U0822,2026-08-14,start_learning,雅思留学型
U0822,2026-08-15,open_app,雅思留学型
U0822,2026-08-15,start_learning,雅思留学型
U0822,2026-08-18,open_app,雅思留学型
U0822,2026-08-18,start_learning,雅思留学型
U0822,2026-08-19,open_app,雅思留学型
U0822,2026-08-19,start_learning,雅思留学型
U0822,2026-08-20,complete_task,雅思留学型
U0822,2026-08-20,open_app,雅思留学型
U0822,2026-08-20,start_learning,雅思留学型
U0823,2026-08-03,complete_task,四六级冲刺型
U0823,2026-08-03,register,四六级冲刺型
U0823,2026-08-03,start_learning,四六级冲刺型
U0823,2026-08-04,open_app,四六级冲刺型
U0823,2026-08-04,start_learning,四六级冲刺型
U0823,2026-08-05,complete_task,四六级冲刺型
U0823,2026-08-05,open_app,四六级冲刺型
U0823,2026-08-05,start_learning,四六级冲刺型
U0823,2026-08-06,open_app,四六级冲刺型
U0823,2026-08-06,start_learning,四六级冲刺型
U0823,2026-08-09,open_app,四六级冲刺型
U0823,2026-08-10,complete_task,四六级冲刺型
U0823,2026-08-10,open_app,四六级冲刺型
U0823,2026-08-10,start_learning,四六级冲刺型
U0824,2026-08-14,complete_task,兴趣提升型
U0824,2026-08-14,register,兴趣提升型
U0824,2026-08-14,start_learning,兴趣提升型
U0824,2026-08-21,open_app,兴趣提升型
U0824,2026-08-21,start_learning,兴趣提升型
U0824,2026-08-23,churn_flag,兴趣提升型
U0824,2026-08-25,reactivate,兴趣提升型
U0824,2026-08-25,start_learning,兴趣提升型
U0825,2026-08-13,register,考研长期型
U0825,2026-08-13,start_learning,考研长期型
U0826,2026-08-02,complete_task,职场提升型
U0826,2026-08-02,register,职场提升型
U0826,2026-08-02,start_learning,职场提升型
U0826,2026-08-03,complete_task,职场提升型
U0826,2026-08-03,open_app,职场提升型
U0826,2026-08-04,open_app,职场提升型
U0826,2026-08-04,start_learning,职场提升型
U0826,2026-08-05,open_app,职场提升型
U0826,2026-08-05,start_learning,职场提升型
U0826,2026-08-07,complete_task,职场提升型
U0826,2026-08-07,open_app,职场提升型
U0826,2026-08-07,start_learning,职场提升型
U0827,2026-08-14,complete_task,考研长期型
U0827,2026-08-14,register,考研长期型
U0827,2026-08-14,start_learning,考研长期型
U0828,2026-08-18,register,托福留学型
U0829,2026-08-18,complete_task,考研长期型
U0829,2026-08-18,register,考研长期型
U0829,2026-08-18,start_learning,考研长期型
U0829,2026-08-19,open_app,考研长期型
U0829,2026-08-19,start_learning,考研长期型
U0829,2026-08-20,complete_task,考研长期型
U0829,2026-08-20,open_app,考研长期型
U0829,2026-08-20,start_learning,考研长期型
U0829,2026-08-21,open_app,考研长期型
U0829,2026-08-21,start_learning,考研长期型
U0829,2026-08-22,complete_task,考研长期型
U0829,2026-08-22,open_app,考研长期型
U0829,2026-08-22,start_learning,考研长期型
U0829,2026-08-23,open_app,考研长期型
U0829,2026-08-23,start_learning,考研长期型
U0829,2026-08-24,complete_task,考研长期型
U0829,2026-08-24,open_app,考研长期型
U0829,2026-08-24,start_learning,考研长期型
U0829,2026-08-26,churn_flag,考研长期型
U0829,2026-09-02,reactivate,考研长期型
U0829,2026-09-02,start_learning,考研长期型
U0830,2026-08-01,register,四六级冲刺型
U0831,2026-08-05,complete_task,兴趣提升型
U0831,2026-08-05,register,兴趣提升型
U0831,2026-08-05,start_learning,兴趣提升型
U0831,2026-08-06,open_app,兴趣提升型
U0831,2026-08-06,start_learning,兴趣提升型
U0831,2026-08-08,complete_task,兴趣提升型
U0831,2026-08-08,open_app,兴趣提升型
U0831,2026-08-08,start_learning,兴趣提升型
U0831,2026-08-09,complete_task,兴趣提升型
U0831,2026-08-09,open_app,兴趣提升型
U0831,2026-08-09,start_learning,兴趣提升型
U0831,2026-08-10,open_app,兴趣提升型
U0831,2026-08-12,open_app,兴趣提升型
U0831,2026-08-12,start_learning,兴趣提升型
U0832,2026-08-05,complete_task,雅思留学型
U0832,2026-08-05,register,雅思留学型
U0832,2026-08-05,start_learning,雅思留学型
U0833,2026-08-10,complete_task,托福留学型
U0833,2026-08-10,register,托福留学型
U0833,2026-08-10,start_learning,托福留学型
U0833,2026-08-20,churn_flag,托福留学型
U0834,2026-08-03,complete_task,习惯打卡型
U0834,2026-08-03,register,习惯打卡型
U0834,2026-08-03,start_learning,习惯打卡型
U0835,2026-08-18,register,习惯打卡型
U0835,2026-08-18,start_learning,习惯打卡型
U0835,2026-08-19,open_app,习惯打卡型
U0835,2026-08-19,start_learning,习惯打卡型
U0835,2026-08-20,complete_task,习惯打卡型
U0835,2026-08-20,open_app,习惯打卡型
U0835,2026-08-20,start_learning,习惯打卡型
U0835,2026-08-22,open_app,习惯打卡型
U0835,2026-08-22,start_learning,习惯打卡型
U0835,2026-08-23,open_app,习惯打卡型
U0835,2026-08-23,start_learning,习惯打卡型
U0835,2026-08-24,open_app,习惯打卡型
U0835,2026-08-24,start_learning,习惯打卡型
U0835,2026-08-27,churn_flag,习惯打卡型
U0836,2026-08-16,complete_task,职场提升型
U0836,2026-08-16,register,职场提升型
U0836,2026-08-16,start_learning,职场提升型
U0836,2026-08-25,churn_flag,职场提升型
U0836,2026-09-01,reactivate,职场提升型
U0836,2026-09-01,start_learning,职场提升型
U0837,2026-08-17,complete_task,四六级冲刺型
U0837,2026-08-17,register,四六级冲刺型
U0837,2026-08-17,start_learning,四六级冲刺型
U0838,2026-08-04,complete_task,托福留学型
U0838,2026-08-04,register,托福留学型
U0838,2026-08-04,start_learning,托福留学型
U0838,2026-08-05,complete_task,托福留学型
U0838,2026-08-05,open_app,托福留学型
U0838,2026-08-05,start_learning,托福留学型
U0838,2026-08-07,complete_task,托福留学型
U0838,2026-08-07,open_app,托福留学型
U0838,2026-08-07,start_learning,托福留学型
U0838,2026-08-08,open_app,托福留学型
U0838,2026-08-09,complete_task,托福留学型
U0838,2026-08-09,open_app,托福留学型
U0838,2026-08-09,start_learning,托福留学型
U0838,2026-08-11,complete_task,托福留学型
U0838,2026-08-11,open_app,托福留学型
U0838,2026-08-11,start_learning,托福留学型
U0839,2026-08-01,complete_task,职场提升型
U0839,2026-08-01,register,职场提升型
U0839,2026-08-01,start_learning,职场提升型
U0839,2026-08-02,complete_task,职场提升型
U0839,2026-08-02,open_app,职场提升型
U0839,2026-08-03,open_app,职场提升型
U0839,2026-08-03,start_learning,职场提升型
U0839,2026-08-04,open_app,职场提升型
U0839,2026-08-04,start_learning,职场提升型
U0839,2026-08-05,complete_task,职场提升型
U0839,2026-08-05,open_app,职场提升型
U0839,2026-08-07,open_app,职场提升型
U0839,2026-08-07,start_learning,职场提升型
U0839,2026-08-08,complete_task,职场提升型
U0839,2026-08-08,open_app,职场提升型
U0839,2026-08-08,start_learning,职场提升型
U0840,2026-08-19,register,考研长期型
U0840,2026-08-19,start_learning,考研长期型
U0840,2026-08-20,open_app,考研长期型
U0840,2026-08-20,start_learning,考研长期型
U0840,2026-08-23,complete_task,考研长期型
U0840,2026-08-23,open_app,考研长期型
U0840,2026-08-23,start_learning,考研长期型
U0840,2026-08-24,complete_task,考研长期型
U0840,2026-08-24,open_app,考研长期型
U0840,2026-08-24,start_learning,考研长期型
U0840,2026-08-25,complete_task,考研长期型
U0840,2026-08-25,open_app,考研长期型
U0840,2026-08-25,start_learning,考研长期型
U0840,2026-08-26,complete_task,考研长期型
U0840,2026-08-26,open_app,考研长期型
U0840,2026-08-26,start_learning,考研长期型
U0841,2026-08-06,register,四六级冲刺型
U0842,2026-08-14,complete_task,职场提升型
U0842,2026-08-14,register,职场提升型
U0842,2026-08-14,start_learning,职场提升型
U0842,2026-08-15,complete_task,职场提升型
U0842,2026-08-15,open_app,职场提升型
U0842,2026-08-15,start_learning,职场提升型
U0842,2026-08-16,complete_task,职场提升型
U0842,2026-08-16,open_app,职场提升型
U0842,2026-08-17,complete_task,职场提升型
U0842,2026-08-17,open_app,职场提升型
U0842,2026-08-17,start_learning,职场提升型
U0842,2026-08-18,open_app,职场提升型
U0842,2026-08-18,start_learning,职场提升型
U0842,2026-08-19,open_app,职场提升型
U0842,2026-08-19,start_learning,职场提升型
U0842,2026-08-20,complete_task,职场提升型
U0842,2026-08-20,open_app,职场提升型
U0842,2026-08-20,start_learning,职场提升型
U0842,2026-08-21,complete_task,职场提升型
U0842,2026-08-21,open_app,职场提升型
U0842,2026-08-21,start_learning,职场提升型
U0843,2026-08-19,complete_task,雅思留学型
U0843,2026-08-19,register,雅思留学型
U0843,2026-08-19,start_learning,雅思留学型
U0844,2026-08-01,complete_task,托福留学型
U0844,2026-08-01,register,托福留学型
U0844,2026-08-01,start_learning,托福留学型
U0844,2026-08-13,churn_flag,托福留学型
U0845,2026-08-01,register,习惯打卡型
U0846,2026-08-01,complete_task,职业证书型
U0846,2026-08-01,register,职业证书型
U0846,2026-08-01,start_learning,职业证书型
U0846,2026-08-02,complete_task,职业证书型
U0846,2026-08-02,open_app,职业证书型
U0846,2026-08-02,start_learning,职业证书型
U0846,2026-08-05,open_app,职业证书型
U0846,2026-08-05,start_learning,职业证书型
U0846,2026-08-06,open_app,职业证书型
U0846,2026-08-07,open_app,职业证书型
U0846,2026-08-07,start_learning,职业证书型
U0846,2026-08-08,open_app,职业证书型
U0846,2026-08-08,start_learning,职业证书型
U0846,2026-08-15,churn_flag,职业证书型
U0846,2026-08-22,reactivate,职业证书型
U0846,2026-08-22,start_learning,职业证书型
U0847,2026-08-04,register,雅思留学型
U0848,2026-08-02,register,考研长期型
U0849,2026-08-17,register,雅思留学型
U0850,2026-08-13,complete_task,四六级冲刺型
U0850,2026-08-13,register,四六级冲刺型
U0850,2026-08-13,start_learning,四六级冲刺型
U0850,2026-08-14,open_app,四六级冲刺型
U0850,2026-08-14,start_learning,四六级冲刺型
U0850,2026-08-15,complete_task,四六级冲刺型
U0850,2026-08-15,open_app,四六级冲刺型
U0850,2026-08-16,open_app,四六级冲刺型
U0850,2026-08-16,start_learning,四六级冲刺型
U0850,2026-08-17,complete_task,四六级冲刺型
U0850,2026-08-17,open_app,四六级冲刺型
U0850,2026-08-20,open_app,四六级冲刺型
U0850,2026-08-20,start_learning,四六级冲刺型
U0851,2026-08-20,complete_task,兴趣提升型
U0851,2026-08-20,register,兴趣提升型
U0851,2026-08-20,start_learning,兴趣提升型
U0851,2026-08-21,open_app,兴趣提升型
U0851,2026-08-25,open_app,兴趣提升型
U0851,2026-08-25,start_learning,兴趣提升型
U0851,2026-08-26,open_app,兴趣提升型
U0851,2026-08-26,start_learning,兴趣提升型
U0852,2026-08-17,register,职场提升型
U0852,2026-08-17,start_learning,职场提升型
U0852,2026-08-18,open_app,职场提升型
U0852,2026-08-18,start_learning,职场提升型
U0852,2026-08-23,open_app,职场提升型
U0852,2026-08-23,start_learning,职场提升型
U0853,2026-08-20,complete_task,考研长期型
U0853,2026-08-20,register,考研长期型
U0853,2026-08-20,start_learning,考研长期型
U0853,2026-08-21,complete_task,考研长期型
U0853,2026-08-21,open_app,考研长期型
U0853,2026-08-22,complete_task,考研长期型
U0853,2026-08-22,open_app,考研长期型
U0853,2026-08-23,complete_task,考研长期型
U0853,2026-08-23,open_app,考研长期型
U0853,2026-08-23,start_learning,考研长期型
U0853,2026-08-24,complete_task,考研长期型
U0853,2026-08-24,open_app,考研长期型
U0853,2026-08-24,start_learning,考研长期型
U0853,2026-08-25,complete_task,考研长期型
U0853,2026-08-25,open_app,考研长期型
U0853,2026-08-25,start_learning,考研长期型
U0853,2026-08-27,complete_task,考研长期型
U0853,2026-08-27,open_app,考研长期型
U0853,2026-08-27,start_learning,考研长期型
U0854,2026-08-05,complete_task,考研长期型
U0854,2026-08-05,register,考研长期型
U0854,2026-08-05,start_learning,考研长期型
U0854,2026-08-15,churn_flag,考研长期型
U0855,2026-08-06,complete_task,职场提升型
U0855,2026-08-06,register,职场提升型
U0855,2026-08-06,start_learning,职场提升型
U0855,2026-08-07,open_app,职场提升型
U0855,2026-08-07,start_learning,职场提升型
U0855,2026-08-08,complete_task,职场提升型
U0855,2026-08-08,open_app,职场提升型
U0855,2026-08-08,start_learning,职场提升型
U0855,2026-08-10,complete_task,职场提升型
U0855,2026-08-10,open_app,职场提升型
U0855,2026-08-10,start_learning,职场提升型
U0855,2026-08-12,complete_task,职场提升型
U0855,2026-08-12,open_app,职场提升型
U0855,2026-08-13,complete_task,职场提升型
U0855,2026-08-13,open_app,职场提升型
U0855,2026-08-13,start_learning,职场提升型
U0856,2026-08-17,complete_task,四六级冲刺型
U0856,2026-08-17,register,四六级冲刺型
U0856,2026-08-17,start_learning,四六级冲刺型
U0856,2026-08-18,complete_task,四六级冲刺型
U0856,2026-08-18,open_app,四六级冲刺型
U0856,2026-08-18,start_learning,四六级冲刺型
U0856,2026-08-20,complete_task,四六级冲刺型
U0856,2026-08-20,open_app,四六级冲刺型
U0856,2026-08-20,start_learning,四六级冲刺型
U0856,2026-08-27,churn_flag,四六级冲刺型
U0856,2026-09-01,reactivate,四六级冲刺型
U0856,2026-09-01,start_learning,四六级冲刺型
U0857,2026-08-05,register,托福留学型
U0858,2026-08-02,complete_task,雅思留学型
U0858,2026-08-02,register,雅思留学型
U0858,2026-08-02,start_learning,雅思留学型
U0858,2026-08-09,open_app,雅思留学型
U0858,2026-08-09,start_learning,雅思留学型
U0858,2026-08-14,churn_flag,雅思留学型
U0859,2026-08-14,complete_task,兴趣提升型
U0859,2026-08-14,register,兴趣提升型
U0859,2026-08-14,start_learning,兴趣提升型
U0859,2026-08-15,complete_task,兴趣提升型
U0859,2026-08-15,open_app,兴趣提升型
U0859,2026-08-15,start_learning,兴趣提升型
U0859,2026-08-17,complete_task,兴趣提升型
U0859,2026-08-17,open_app,兴趣提升型
U0859,2026-08-17,start_learning,兴趣提升型
U0859,2026-08-19,complete_task,兴趣提升型
U0859,2026-08-19,open_app,兴趣提升型
U0859,2026-08-19,start_learning,兴趣提升型
U0859,2026-08-20,complete_task,兴趣提升型
U0859,2026-08-20,open_app,兴趣提升型
U0860,2026-08-17,register,四六级冲刺型
U0861,2026-08-20,complete_task,职业证书型
U0861,2026-08-20,register,职业证书型
U0861,2026-08-20,start_learning,职业证书型
U0861,2026-08-21,open_app,职业证书型
U0861,2026-08-21,start_learning,职业证书型
U0861,2026-08-23,complete_task,职业证书型
U0861,2026-08-23,open_app,职业证书型
U0861,2026-08-23,start_learning,职业证书型
U0861,2026-08-24,complete_task,职业证书型
U0861,2026-08-24,open_app,职业证书型
U0861,2026-08-24,start_learning,职业证书型
U0861,2026-08-25,open_app,职业证书型
U0861,2026-08-25,start_learning,职业证书型
U0861,2026-09-01,churn_flag,职业证书型
U0861,2026-09-03,reactivate,职业证书型
U0861,2026-09-03,start_learning,职业证书型
U0862,2026-08-19,register,考研长期型
U0863,2026-08-03,complete_task,职业证书型
U0863,2026-08-03,register,职业证书型
U0863,2026-08-03,start_learning,职业证书型
U0864,2026-08-16,register,四六级冲刺型
U0865,2026-08-17,complete_task,雅思留学型
U0865,2026-08-17,register,雅思留学型
U0865,2026-08-17,start_learning,雅思留学型
U0865,2026-08-18,open_app,雅思留学型
U0865,2026-08-18,start_learning,雅思留学型
U0865,2026-08-19,open_app,雅思留学型
U0865,2026-08-19,start_learning,雅思留学型
U0865,2026-08-20,complete_task,雅思留学型
U0865,2026-08-20,open_app,雅思留学型
U0865,2026-08-21,complete_task,雅思留学型
U0865,2026-08-21,open_app,雅思留学型
U0865,2026-08-21,start_learning,雅思留学型
U0865,2026-08-22,complete_task,雅思留学型
U0865,2026-08-22,open_app,雅思留学型
U0865,2026-08-22,start_learning,雅思留学型
U0865,2026-08-23,complete_task,雅思留学型
U0865,2026-08-23,open_app,雅思留学型
U0865,2026-08-23,start_learning,雅思留学型
U0865,2026-08-24,complete_task,雅思留学型
U0865,2026-08-24,open_app,雅思留学型
U0865,2026-08-24,start_learning,雅思留学型
U0866,2026-08-14,register,托福留学型
U0867,2026-08-17,register,四六级冲刺型
U0868,2026-08-17,register,四六级冲刺型
U0869,2026-08-09,complete_task,四六级冲刺型
U0869,2026-08-09,register,四六级冲刺型
U0869,2026-08-09,start_learning,四六级冲刺型
U0869,2026-08-10,complete_task,四六级冲刺型
U0869,2026-08-10,open_app,四六级冲刺型
U0869,2026-08-11,open_app,四六级冲刺型
U0869,2026-08-13,complete_task,四六级冲刺型
U0869,2026-08-13,open_app,四六级冲刺型
U0869,2026-08-13,start_learning,四六级冲刺型
U0869,2026-08-14,complete_task,四六级冲刺型
U0869,2026-08-14,open_app,四六级冲刺型
U0869,2026-08-14,start_learning,四六级冲刺型
U0869,2026-08-16,open_app,四六级冲刺型
U0869,2026-08-16,start_learning,四六级冲刺型
U0870,2026-08-01,complete_task,考研长期型
U0870,2026-08-01,register,考研长期型
U0870,2026-08-01,start_learning,考研长期型
U0870,2026-08-02,open_app,考研长期型
U0870,2026-08-02,start_learning,考研长期型
U0870,2026-08-03,open_app,考研长期型
U0870,2026-08-03,start_learning,考研长期型
U0870,2026-08-06,complete_task,考研长期型
U0870,2026-08-06,open_app,考研长期型
U0870,2026-08-07,open_app,考研长期型
U0870,2026-08-08,complete_task,考研长期型
U0870,2026-08-08,open_app,考研长期型
U0870,2026-08-08,start_learning,考研长期型
U0871,2026-08-10,register,四六级冲刺型
U0872,2026-08-05,register,习惯打卡型
U0873,2026-08-03,complete_task,雅思留学型
U0873,2026-08-03,register,雅思留学型
U0873,2026-08-03,start_learning,雅思留学型
U0874,2026-08-03,register,职场提升型
U0874,2026-08-03,start_learning,职场提升型
U0874,2026-08-04,open_app,职场提升型
U0874,2026-08-04,start_learning,职场提升型
U0874,2026-08-08,open_app,职场提升型
U0874,2026-08-08,start_learning,职场提升型
U0874,2026-08-09,complete_task,职场提升型
U0874,2026-08-09,open_app,职场提升型
U0874,2026-08-09,start_learning,职场提升型
U0875,2026-08-14,register,习惯打卡型
U0875,2026-08-14,start_learning,习惯打卡型
U0875,2026-08-15,open_app,习惯打卡型
U0875,2026-08-15,start_learning,习惯打卡型
U0875,2026-08-16,complete_task,习惯打卡型
U0875,2026-08-16,open_app,习惯打卡型
U0875,2026-08-17,complete_task,习惯打卡型
U0875,2026-08-17,open_app,习惯打卡型
U0875,2026-08-17,start_learning,习惯打卡型
U0875,2026-08-18,complete_task,习惯打卡型
U0875,2026-08-18,open_app,习惯打卡型
U0875,2026-08-18,start_learning,习惯打卡型
U0875,2026-08-19,complete_task,习惯打卡型
U0875,2026-08-19,open_app,习惯打卡型
U0875,2026-08-26,churn_flag,习惯打卡型
U0875,2026-08-31,reactivate,习惯打卡型
U0875,2026-08-31,start_learning,习惯打卡型
U0876,2026-08-11,register,四六级冲刺型
U0876,2026-08-11,start_learning,四六级冲刺型
U0876,2026-08-12,open_app,四六级冲刺型
U0876,2026-08-12,start_learning,四六级冲刺型
U0876,2026-08-14,complete_task,四六级冲刺型
U0876,2026-08-14,open_app,四六级冲刺型
U0876,2026-08-18,open_app,四六级冲刺型
U0876,2026-08-18,start_learning,四六级冲刺型
U0877,2026-08-11,complete_task,职业证书型
U0877,2026-08-11,register,职业证书型
U0877,2026-08-11,start_learning,职业证书型
U0878,2026-08-15,complete_task,职场提升型
U0878,2026-08-15,register,职场提升型
U0878,2026-08-15,start_learning,职场提升型
U0879,2026-08-11,complete_task,职业证书型
U0879,2026-08-11,register,职业证书型
U0879,2026-08-11,start_learning,职业证书型
U0879,2026-08-18,complete_task,职业证书型
U0879,2026-08-18,open_app,职业证书型
U0879,2026-08-18,start_learning,职业证书型
U0880,2026-08-13,complete_task,雅思留学型
U0880,2026-08-13,register,雅思留学型
U0880,2026-08-13,start_learning,雅思留学型
U0880,2026-08-27,churn_flag,雅思留学型
U0880,2026-08-29,reactivate,雅思留学型
U0880,2026-08-29,start_learning,雅思留学型
U0881,2026-08-02,register,雅思留学型
U0882,2026-08-18,register,四六级冲刺型
U0883,2026-08-09,complete_task,托福留学型
U0883,2026-08-09,register,托福留学型
U0883,2026-08-09,start_learning,托福留学型
U0883,2026-08-10,open_app,托福留学型
U0883,2026-08-10,start_learning,托福留学型
U0883,2026-08-12,open_app,托福留学型
U0883,2026-08-13,open_app,托福留学型
U0883,2026-08-13,start_learning,托福留学型
U0883,2026-08-14,open_app,托福留学型
U0883,2026-08-14,start_learning,托福留学型
U0884,2026-08-04,complete_task,习惯打卡型
U0884,2026-08-04,register,习惯打卡型
U0884,2026-08-04,start_learning,习惯打卡型
U0884,2026-08-05,open_app,习惯打卡型
U0884,2026-08-05,start_learning,习惯打卡型
U0884,2026-08-08,open_app,习惯打卡型
U0884,2026-08-08,start_learning,习惯打卡型
U0884,2026-08-09,open_app,习惯打卡型
U0884,2026-08-09,start_learning,习惯打卡型
U0885,2026-08-17,complete_task,习惯打卡型
U0885,2026-08-17,register,习惯打卡型
U0885,2026-08-17,start_learning,习惯打卡型
U0885,2026-08-18,complete_task,习惯打卡型
U0885,2026-08-18,open_app,习惯打卡型
U0885,2026-08-18,start_learning,习惯打卡型
U0885,2026-08-20,complete_task,习惯打卡型
U0885,2026-08-20,open_app,习惯打卡型
U0885,2026-08-20,start_learning,习惯打卡型
U0885,2026-08-22,complete_task,习惯打卡型
U0885,2026-08-22,open_app,习惯打卡型
U0885,2026-08-22,start_learning,习惯打卡型
U0885,2026-08-23,complete_task,习惯打卡型
U0885,2026-08-23,open_app,习惯打卡型
U0885,2026-08-23,start_learning,习惯打卡型
U0885,2026-08-24,open_app,习惯打卡型
U0885,2026-08-24,start_learning,习惯打卡型
U0886,2026-08-15,complete_task,四六级冲刺型
U0886,2026-08-15,register,四六级冲刺型
U0886,2026-08-15,start_learning,四六级冲刺型
U0887,2026-08-02,register,兴趣提升型
U0887,2026-08-02,start_learning,兴趣提升型
U0887,2026-08-03,open_app,兴趣提升型
U0887,2026-08-04,complete_task,兴趣提升型
U0887,2026-08-04,open_app,兴趣提升型
U0887,2026-08-04,start_learning,兴趣提升型
U0887,2026-08-08,complete_task,兴趣提升型
U0887,2026-08-08,open_app,兴趣提升型
U0887,2026-08-09,complete_task,兴趣提升型
U0887,2026-08-09,open_app,兴趣提升型
U0887,2026-08-09,start_learning,兴趣提升型
U0888,2026-08-04,register,考研长期型
U0889,2026-08-01,register,习惯打卡型
U0890,2026-08-06,complete_task,四六级冲刺型
U0890,2026-08-06,register,四六级冲刺型
U0890,2026-08-06,start_learning,四六级冲刺型
U0890,2026-08-15,churn_flag,四六级冲刺型
U0891,2026-08-02,register,习惯打卡型
U0891,2026-08-02,start_learning,习惯打卡型
U0891,2026-08-09,open_app,习惯打卡型
U0891,2026-08-09,start_learning,习惯打卡型
U0891,2026-08-13,churn_flag,习惯打卡型
U0892,2026-08-15,complete_task,职场提升型
U0892,2026-08-15,register,职场提升型
U0892,2026-08-15,start_learning,职场提升型
U0892,2026-08-16,complete_task,职场提升型
U0892,2026-08-16,open_app,职场提升型
U0892,2026-08-16,start_learning,职场提升型
U0892,2026-08-19,complete_task,职场提升型
U0892,2026-08-19,open_app,职场提升型
U0892,2026-08-19,start_learning,职场提升型
U0892,2026-08-20,open_app,职场提升型
U0892,2026-08-20,start_learning,职场提升型
U0892,2026-08-22,open_app,职场提升型
U0892,2026-08-22,start_learning,职场提升型
U0893,2026-08-11,complete_task,四六级冲刺型
U0893,2026-08-11,register,四六级冲刺型
U0893,2026-08-11,start_learning,四六级冲刺型
U0893,2026-08-12,open_app,四六级冲刺型
U0893,2026-08-12,start_learning,四六级冲刺型
U0893,2026-08-14,open_app,四六级冲刺型
U0893,2026-08-14,start_learning,四六级冲刺型
U0893,2026-08-15,open_app,四六级冲刺型
U0893,2026-08-16,open_app,四六级冲刺型
U0893,2026-08-16,start_learning,四六级冲刺型
U0893,2026-08-18,complete_task,四六级冲刺型
U0893,2026-08-18,open_app,四六级冲刺型
U0893,2026-08-18,start_learning,四六级冲刺型
U0893,2026-08-25,churn_flag,四六级冲刺型
U0894,2026-08-20,register,四六级冲刺型
U0895,2026-08-15,register,职场提升型
U0896,2026-08-13,complete_task,四六级冲刺型
U0896,2026-08-13,register,四六级冲刺型
U0896,2026-08-13,start_learning,四六级冲刺型
U0896,2026-08-14,complete_task,四六级冲刺型
U0896,2026-08-14,open_app,四六级冲刺型
U0896,2026-08-16,open_app,四六级冲刺型
U0896,2026-08-16,start_learning,四六级冲刺型
U0896,2026-08-17,open_app,四六级冲刺型
U0896,2026-08-17,start_learning,四六级冲刺型
U0897,2026-08-11,complete_task,托福留学型
U0897,2026-08-11,register,托福留学型
U0897,2026-08-11,start_learning,托福留学型
U0898,2026-08-02,complete_task,习惯打卡型
U0898,2026-08-02,register,习惯打卡型
U0898,2026-08-02,start_learning,习惯打卡型
U0898,2026-08-03,complete_task,习惯打卡型
U0898,2026-08-03,open_app,习惯打卡型
U0898,2026-08-03,start_learning,习惯打卡型
U0898,2026-08-04,complete_task,习惯打卡型
U0898,2026-08-04,open_app,习惯打卡型
U0898,2026-08-04,start_learning,习惯打卡型
U0898,2026-08-05,open_app,习惯打卡型
U0898,2026-08-05,start_learning,习惯打卡型
U0898,2026-08-06,open_app,习惯打卡型
U0898,2026-08-07,open_app,习惯打卡型
U0898,2026-08-07,start_learning,习惯打卡型
U0898,2026-08-08,open_app,习惯打卡型
U0898,2026-08-09,complete_task,习惯打卡型
U0898,2026-08-09,open_app,习惯打卡型
U0898,2026-08-09,start_learning,习惯打卡型
U0899,2026-08-02,register,托福留学型
U0900,2026-08-13,register,考研长期型
U0900,2026-08-13,start_learning,考研长期型
U0900,2026-08-14,open_app,考研长期型
U0900,2026-08-14,start_learning,考研长期型
U0900,2026-08-15,open_app,考研长期型
U0900,2026-08-15,start_learning,考研长期型
U0900,2026-08-17,open_app,考研长期型
U0900,2026-08-17,start_learning,考研长期型
U0900,2026-08-18,complete_task,考研长期型
U0900,2026-08-18,open_app,考研长期型
U0900,2026-08-18,start_learning,考研长期型
U0900,2026-08-19,complete_task,考研长期型
U0900,2026-08-19,open_app,考研长期型
U0901,2026-08-01,complete_task,雅思留学型
U0901,2026-08-01,register,雅思留学型
U0901,2026-08-01,start_learning,雅思留学型
U0901,2026-08-02,open_app,雅思留学型
U0901,2026-08-04,complete_task,雅思留学型
U0901,2026-08-04,open_app,雅思留学型
U0901,2026-08-04,start_learning,雅思留学型
U0901,2026-08-06,complete_task,雅思留学型
U0901,2026-08-06,open_app,雅思留学型
U0901,2026-08-06,start_learning,雅思留学型
U0901,2026-08-07,open_app,雅思留学型
U0901,2026-08-07,start_learning,雅思留学型
U0901,2026-08-15,churn_flag,雅思留学型
U0901,2026-08-20,reactivate,雅思留学型
U0901,2026-08-20,start_learning,雅思留学型
U0902,2026-08-01,register,四六级冲刺型
U0903,2026-08-05,complete_task,习惯打卡型
U0903,2026-08-05,register,习惯打卡型
U0903,2026-08-05,start_learning,习惯打卡型
U0903,2026-08-15,churn_flag,习惯打卡型
U0903,2026-08-19,reactivate,习惯打卡型
U0903,2026-08-19,start_learning,习惯打卡型
U0904,2026-08-18,register,考研长期型
U0905,2026-08-10,register,四六级冲刺型
U0906,2026-08-15,register,考研长期型
U0907,2026-08-09,register,习惯打卡型
U0908,2026-08-04,register,四六级冲刺型
U0909,2026-08-08,complete_task,职场提升型
U0909,2026-08-08,register,职场提升型
U0909,2026-08-08,start_learning,职场提升型
U0909,2026-08-09,open_app,职场提升型
U0909,2026-08-11,open_app,职场提升型
U0909,2026-08-11,start_learning,职场提升型
U0909,2026-08-12,complete_task,职场提升型
U0909,2026-08-12,open_app,职场提升型
U0909,2026-08-12,start_learning,职场提升型
U0909,2026-08-13,open_app,职场提升型
U0909,2026-08-13,start_learning,职场提升型
U0909,2026-08-15,complete_task,职场提升型
U0909,2026-08-15,open_app,职场提升型
U0909,2026-08-15,start_learning,职场提升型
U0910,2026-08-02,complete_task,兴趣提升型
U0910,2026-08-02,register,兴趣提升型
U0910,2026-08-02,start_learning,兴趣提升型
U0910,2026-08-12,churn_flag,兴趣提升型
U0911,2026-08-16,complete_task,职场提升型
U0911,2026-08-16,register,职场提升型
U0911,2026-08-16,start_learning,职场提升型
U0912,2026-08-04,register,习惯打卡型
U0912,2026-08-04,start_learning,习惯打卡型
U0912,2026-08-17,churn_flag,习惯打卡型
U0913,2026-08-08,register,职场提升型
U0914,2026-08-20,register,习惯打卡型
U0915,2026-08-12,register,四六级冲刺型
U0916,2026-08-10,complete_task,兴趣提升型
U0916,2026-08-10,register,兴趣提升型
U0916,2026-08-10,start_learning,兴趣提升型
U0916,2026-08-11,complete_task,兴趣提升型
U0916,2026-08-11,open_app,兴趣提升型
U0916,2026-08-12,complete_task,兴趣提升型
U0916,2026-08-12,open_app,兴趣提升型
U0916,2026-08-12,start_learning,兴趣提升型
U0916,2026-08-14,complete_task,兴趣提升型
U0916,2026-08-14,open_app,兴趣提升型
U0916,2026-08-14,start_learning,兴趣提升型
U0916,2026-08-17,complete_task,兴趣提升型
U0916,2026-08-17,open_app,兴趣提升型
U0916,2026-08-17,start_learning,兴趣提升型
U0916,2026-08-20,churn_flag,兴趣提升型
U0917,2026-08-11,register,托福留学型
U0918,2026-08-16,complete_task,托福留学型
U0918,2026-08-16,register,托福留学型
U0918,2026-08-16,start_learning,托福留学型
U0918,2026-08-17,complete_task,托福留学型
U0918,2026-08-17,open_app,托福留学型
U0918,2026-08-17,start_learning,托福留学型
U0918,2026-08-18,open_app,托福留学型
U0918,2026-08-18,start_learning,托福留学型
U0918,2026-08-19,open_app,托福留学型
U0918,2026-08-19,start_learning,托福留学型
U0918,2026-08-21,complete_task,托福留学型
U0918,2026-08-21,open_app,托福留学型
U0918,2026-08-21,start_learning,托福留学型
U0918,2026-08-22,open_app,托福留学型
U0918,2026-08-22,start_learning,托福留学型
U0919,2026-08-06,complete_task,职场提升型
U0919,2026-08-06,register,职场提升型
U0919,2026-08-06,start_learning,职场提升型
U0920,2026-08-13,register,习惯打卡型
U0921,2026-08-18,register,兴趣提升型
U0922,2026-08-12,complete_task,雅思留学型
U0922,2026-08-12,register,雅思留学型
U0922,2026-08-12,start_learning,雅思留学型
U0922,2026-08-13,complete_task,雅思留学型
U0922,2026-08-13,open_app,雅思留学型
U0922,2026-08-13,start_learning,雅思留学型
U0922,2026-08-14,open_app,雅思留学型
U0922,2026-08-14,start_learning,雅思留学型
U0922,2026-08-17,open_app,雅思留学型
U0922,2026-08-17,start_learning,雅思留学型
U0922,2026-08-18,open_app,雅思留学型
U0922,2026-08-18,start_learning,雅思留学型
U0923,2026-08-09,register,雅思留学型
U0923,2026-08-09,start_learning,雅思留学型
U0923,2026-08-10,complete_task,雅思留学型
U0923,2026-08-10,open_app,雅思留学型
U0923,2026-08-10,start_learning,雅思留学型
U0923,2026-08-12,open_app,雅思留学型
U0923,2026-08-12,start_learning,雅思留学型
U0923,2026-08-13,complete_task,雅思留学型
U0923,2026-08-13,open_app,雅思留学型
U0923,2026-08-13,start_learning,雅思留学型
U0923,2026-08-14,complete_task,雅思留学型
U0923,2026-08-14,open_app,雅思留学型
U0923,2026-08-14,start_learning,雅思留学型
U0924,2026-08-03,complete_task,考研长期型
U0924,2026-08-03,register,考研长期型
U0924,2026-08-03,start_learning,考研长期型
U0924,2026-08-15,churn_flag,考研长期型
U0925,2026-08-05,register,考研长期型
U0926,2026-08-19,complete_task,考研长期型
U0926,2026-08-19,register,考研长期型
U0926,2026-08-19,start_learning,考研长期型
U0926,2026-08-20,open_app,考研长期型
U0926,2026-08-20,start_learning,考研长期型
U0926,2026-08-21,open_app,考研长期型
U0926,2026-08-22,open_app,考研长期型
U0926,2026-08-23,open_app,考研长期型
U0926,2026-08-23,start_learning,考研长期型
U0926,2026-08-24,complete_task,考研长期型
U0926,2026-08-24,open_app,考研长期型
U0926,2026-08-24,start_learning,考研长期型
U0926,2026-08-25,complete_task,考研长期型
U0926,2026-08-25,open_app,考研长期型
U0926,2026-08-25,start_learning,考研长期型
U0927,2026-08-11,register,四六级冲刺型
U0928,2026-08-07,register,四六级冲刺型
U0928,2026-08-07,start_learning,四六级冲刺型
U0929,2026-08-09,register,兴趣提升型
U0929,2026-08-09,start_learning,兴趣提升型
U0929,2026-08-20,churn_flag,兴趣提升型
U0930,2026-08-12,register,雅思留学型
U0931,2026-08-11,complete_task,习惯打卡型
U0931,2026-08-11,register,习惯打卡型
U0931,2026-08-11,start_learning,习惯打卡型
U0931,2026-08-12,complete_task,习惯打卡型
U0931,2026-08-12,open_app,习惯打卡型
U0931,2026-08-12,start_learning,习惯打卡型
U0931,2026-08-13,complete_task,习惯打卡型
U0931,2026-08-13,open_app,习惯打卡型
U0931,2026-08-15,open_app,习惯打卡型
U0931,2026-08-15,start_learning,习惯打卡型
U0931,2026-08-16,open_app,习惯打卡型
U0931,2026-08-16,start_learning,习惯打卡型
U0931,2026-08-22,churn_flag,习惯打卡型
U0931,2026-08-29,reactivate,习惯打卡型
U0931,2026-08-29,start_learning,习惯打卡型
U0932,2026-08-14,register,职业证书型
U0933,2026-08-06,register,四六级冲刺型
U0934,2026-08-13,register,四六级冲刺型
U0934,2026-08-13,start_learning,四六级冲刺型
U0934,2026-08-14,complete_task,四六级冲刺型
U0934,2026-08-14,open_app,四六级冲刺型
U0934,2026-08-14,start_learning,四六级冲刺型
U0934,2026-08-15,open_app,四六级冲刺型
U0934,2026-08-16,open_app,四六级冲刺型
U0934,2026-08-16,start_learning,四六级冲刺型
U0934,2026-08-17,open_app,四六级冲刺型
U0934,2026-08-17,start_learning,四六级冲刺型
U0934,2026-08-18,complete_task,四六级冲刺型
U0934,2026-08-18,open_app,四六级冲刺型
U0934,2026-08-18,start_learning,四六级冲刺型
U0934,2026-08-20,complete_task,四六级冲刺型
U0934,2026-08-20,open_app,四六级冲刺型
U0934,2026-08-20,start_learning,四六级冲刺型
U0935,2026-08-09,complete_task,四六级冲刺型
U0935,2026-08-09,register,四六级冲刺型
U0935,2026-08-09,start_learning,四六级冲刺型
U0935,2026-08-10,open_app,四六级冲刺型
U0935,2026-08-10,start_learning,四六级冲刺型
U0935,2026-08-11,open_app,四六级冲刺型
U0935,2026-08-11,start_learning,四六级冲刺型
U0935,2026-08-12,complete_task,四六级冲刺型
U0935,2026-08-12,open_app,四六级冲刺型
U0935,2026-08-12,start_learning,四六级冲刺型
U0935,2026-08-13,open_app,四六级冲刺型
U0935,2026-08-13,start_learning,四六级冲刺型
U0935,2026-08-16,open_app,四六级冲刺型
U0935,2026-08-16,start_learning,四六级冲刺型
U0935,2026-08-18,churn_flag,四六级冲刺型
U0935,2026-08-21,reactivate,四六级冲刺型
U0935,2026-08-21,start_learning,四六级冲刺型
U0936,2026-08-19,complete_task,习惯打卡型
U0936,2026-08-19,register,习惯打卡型
U0936,2026-08-19,start_learning,习惯打卡型
U0936,2026-08-20,complete_task,习惯打卡型
U0936,2026-08-20,open_app,习惯打卡型
U0936,2026-08-20,start_learning,习惯打卡型
U0936,2026-08-24,complete_task,习惯打卡型
U0936,2026-08-24,open_app,习惯打卡型
U0936,2026-08-31,churn_flag,习惯打卡型
U0937,2026-08-04,complete_task,四六级冲刺型
U0937,2026-08-04,register,四六级冲刺型
U0937,2026-08-04,start_learning,四六级冲刺型
U0937,2026-08-05,open_app,四六级冲刺型
U0937,2026-08-05,start_learning,四六级冲刺型
U0937,2026-08-07,open_app,四六级冲刺型
U0937,2026-08-07,start_learning,四六级冲刺型
U0937,2026-08-09,open_app,四六级冲刺型
U0937,2026-08-09,start_learning,四六级冲刺型
U0937,2026-08-10,complete_task,四六级冲刺型
U0937,2026-08-10,open_app,四六级冲刺型
U0937,2026-08-10,start_learning,四六级冲刺型
U0937,2026-08-11,complete_task,四六级冲刺型
U0937,2026-08-11,open_app,四六级冲刺型
U0937,2026-08-11,start_learning,四六级冲刺型
U0937,2026-08-13,churn_flag,四六级冲刺型
U0938,2026-08-03,complete_task,雅思留学型
U0938,2026-08-03,register,雅思留学型
U0938,2026-08-03,start_learning,雅思留学型
U0939,2026-08-10,complete_task,习惯打卡型
U0939,2026-08-10,register,习惯打卡型
U0939,2026-08-10,start_learning,习惯打卡型
U0939,2026-08-11,open_app,习惯打卡型
U0939,2026-08-11,start_learning,习惯打卡型
U0939,2026-08-12,open_app,习惯打卡型
U0939,2026-08-15,open_app,习惯打卡型
U0939,2026-08-15,start_learning,习惯打卡型
U0939,2026-08-16,complete_task,习惯打卡型
U0939,2026-08-16,open_app,习惯打卡型
U0939,2026-08-16,start_learning,习惯打卡型
U0939,2026-08-17,open_app,习惯打卡型
U0939,2026-08-17,start_learning,习惯打卡型
U0940,2026-08-11,register,习惯打卡型
U0940,2026-08-11,start_learning,习惯打卡型
U0940,2026-08-12,complete_task,习惯打卡型
U0940,2026-08-12,open_app,习惯打卡型
U0940,2026-08-12,start_learning,习惯打卡型
U0940,2026-08-13,complete_task,习惯打卡型
U0940,2026-08-13,open_app,习惯打卡型
U0940,2026-08-13,start_learning,习惯打卡型
U0940,2026-08-14,complete_task,习惯打卡型
U0940,2026-08-14,open_app,习惯打卡型
U0940,2026-08-14,start_learning,习惯打卡型
U0940,2026-08-15,complete_task,习惯打卡型
U0940,2026-08-15,open_app,习惯打卡型
U0940,2026-08-15,start_learning,习惯打卡型
U0941,2026-08-14,complete_task,考研长期型
U0941,2026-08-14,register,考研长期型
U0941,2026-08-14,start_learning,考研长期型
U0942,2026-08-09,complete_task,四六级冲刺型
U0942,2026-08-09,register,四六级冲刺型
U0942,2026-08-09,start_learning,四六级冲刺型
U0942,2026-08-10,open_app,四六级冲刺型
U0942,2026-08-10,start_learning,四六级冲刺型
U0942,2026-08-12,complete_task,四六级冲刺型
U0942,2026-08-12,open_app,四六级冲刺型
U0942,2026-08-12,start_learning,四六级冲刺型
U0942,2026-08-16,complete_task,四六级冲刺型
U0942,2026-08-16,open_app,四六级冲刺型
U0942,2026-08-16,start_learning,四六级冲刺型
U0943,2026-08-19,register,四六级冲刺型
U0944,2026-08-10,complete_task,四六级冲刺型
U0944,2026-08-10,register,四六级冲刺型
U0944,2026-08-10,start_learning,四六级冲刺型
U0944,2026-08-11,open_app,四六级冲刺型
U0944,2026-08-12,open_app,四六级冲刺型
U0944,2026-08-14,open_app,四六级冲刺型
U0944,2026-08-14,start_learning,四六级冲刺型
U0945,2026-08-03,complete_task,四六级冲刺型
U0945,2026-08-03,register,四六级冲刺型
U0945,2026-08-03,start_learning,四六级冲刺型
U0946,2026-08-03,register,托福留学型
U0947,2026-08-20,register,习惯打卡型
U0948,2026-08-03,register,托福留学型
U0949,2026-08-19,complete_task,职业证书型
U0949,2026-08-19,register,职业证书型
U0949,2026-08-19,start_learning,职业证书型
U0949,2026-08-31,churn_flag,职业证书型
U0950,2026-08-06,complete_task,四六级冲刺型
U0950,2026-08-06,register,四六级冲刺型
U0950,2026-08-06,start_learning,四六级冲刺型
U0950,2026-08-07,open_app,四六级冲刺型
U0950,2026-08-07,start_learning,四六级冲刺型
U0950,2026-08-09,open_app,四六级冲刺型
U0950,2026-08-09,start_learning,四六级冲刺型
U0950,2026-08-11,complete_task,四六级冲刺型
U0950,2026-08-11,open_app,四六级冲刺型
U0950,2026-08-11,start_learning,四六级冲刺型
U0950,2026-08-12,complete_task,四六级冲刺型
U0950,2026-08-12,open_app,四六级冲刺型
U0950,2026-08-12,start_learning,四六级冲刺型
U0951,2026-08-02,complete_task,职场提升型
U0951,2026-08-02,register,职场提升型
U0951,2026-08-02,start_learning,职场提升型
U0951,2026-08-03,complete_task,职场提升型
U0951,2026-08-03,open_app,职场提升型
U0951,2026-08-03,start_learning,职场提升型
U0951,2026-08-04,complete_task,职场提升型
U0951,2026-08-04,open_app,职场提升型
U0951,2026-08-09,open_app,职场提升型
U0951,2026-08-09,start_learning,职场提升型
U0952,2026-08-07,complete_task,职业证书型
U0952,2026-08-07,register,职业证书型
U0952,2026-08-07,start_learning,职业证书型
U0952,2026-08-08,open_app,职业证书型
U0952,2026-08-09,open_app,职业证书型
U0952,2026-08-11,open_app,职业证书型
U0952,2026-08-12,complete_task,职业证书型
U0952,2026-08-12,open_app,职业证书型
U0953,2026-08-13,register,职场提升型
U0954,2026-08-09,complete_task,习惯打卡型
U0954,2026-08-09,register,习惯打卡型
U0954,2026-08-09,start_learning,习惯打卡型
U0954,2026-08-10,open_app,习惯打卡型
U0954,2026-08-10,start_learning,习惯打卡型
U0954,2026-08-11,open_app,习惯打卡型
U0954,2026-08-13,complete_task,习惯打卡型
U0954,2026-08-13,open_app,习惯打卡型
U0954,2026-08-13,start_learning,习惯打卡型
U0954,2026-08-15,complete_task,习惯打卡型
U0954,2026-08-15,open_app,习惯打卡型
U0954,2026-08-16,open_app,习惯打卡型
U0954,2026-08-16,start_learning,习惯打卡型
U0955,2026-08-16,register,考研长期型
U0956,2026-08-13,register,四六级冲刺型
U0957,2026-08-09,complete_task,考研长期型
U0957,2026-08-09,register,考研长期型
U0957,2026-08-09,start_learning,考研长期型
U0957,2026-08-10,open_app,考研长期型
U0957,2026-08-11,complete_task,考研长期型
U0957,2026-08-11,open_app,考研长期型
U0957,2026-08-11,start_learning,考研长期型
U0957,2026-08-15,complete_task,考研长期型
U0957,2026-08-15,open_app,考研长期型
U0957,2026-08-15,start_learning,考研长期型
U0957,2026-08-16,complete_task,考研长期型
U0957,2026-08-16,open_app,考研长期型
U0957,2026-08-16,start_learning,考研长期型
U0958,2026-08-13,complete_task,雅思留学型
U0958,2026-08-13,register,雅思留学型
U0958,2026-08-13,start_learning,雅思留学型
U0958,2026-08-25,churn_flag,雅思留学型
U0958,2026-09-01,reactivate,雅思留学型
U0958,2026-09-01,start_learning,雅思留学型
U0959,2026-08-20,complete_task,习惯打卡型
U0959,2026-08-20,register,习惯打卡型
U0959,2026-08-20,start_learning,习惯打卡型
U0959,2026-08-21,complete_task,习惯打卡型
U0959,2026-08-21,open_app,习惯打卡型
U0959,2026-08-21,start_learning,习惯打卡型
U0959,2026-08-22,complete_task,习惯打卡型
U0959,2026-08-22,open_app,习惯打卡型
U0959,2026-08-23,open_app,习惯打卡型
U0959,2026-08-23,start_learning,习惯打卡型
U0959,2026-08-24,complete_task,习惯打卡型
U0959,2026-08-24,open_app,习惯打卡型
U0959,2026-08-26,complete_task,习惯打卡型
U0959,2026-08-26,open_app,习惯打卡型
U0959,2026-08-26,start_learning,习惯打卡型
U0959,2026-08-27,open_app,习惯打卡型
U0959,2026-08-27,start_learning,习惯打卡型
U0960,2026-08-09,complete_task,考研长期型
U0960,2026-08-09,register,考研长期型
U0960,2026-08-09,start_learning,考研长期型
U0961,2026-08-04,register,兴趣提升型
U0962,2026-08-09,register,托福留学型
U0962,2026-08-09,start_learning,托福留学型
U0962,2026-08-10,complete_task,托福留学型
U0962,2026-08-10,open_app,托福留学型
U0962,2026-08-10,start_learning,托福留学型
U0962,2026-08-12,open_app,托福留学型
U0962,2026-08-12,start_learning,托福留学型
U0962,2026-08-13,complete_task,托福留学型
U0962,2026-08-13,open_app,托福留学型
U0962,2026-08-13,start_learning,托福留学型
U0962,2026-08-14,complete_task,托福留学型
U0962,2026-08-14,open_app,托福留学型
U0963,2026-08-17,complete_task,四六级冲刺型
U0963,2026-08-17,register,四六级冲刺型
U0963,2026-08-17,start_learning,四六级冲刺型
U0963,2026-08-18,complete_task,四六级冲刺型
U0963,2026-08-18,open_app,四六级冲刺型
U0963,2026-08-18,start_learning,四六级冲刺型
U0963,2026-08-19,complete_task,四六级冲刺型
U0963,2026-08-19,open_app,四六级冲刺型
U0963,2026-08-19,start_learning,四六级冲刺型
U0963,2026-08-20,complete_task,四六级冲刺型
U0963,2026-08-20,open_app,四六级冲刺型
U0963,2026-08-20,start_learning,四六级冲刺型
U0963,2026-08-21,complete_task,四六级冲刺型
U0963,2026-08-21,open_app,四六级冲刺型
U0963,2026-08-21,start_learning,四六级冲刺型
U0964,2026-08-05,register,考研长期型
U0964,2026-08-05,start_learning,考研长期型
U0964,2026-08-06,complete_task,考研长期型
U0964,2026-08-06,open_app,考研长期型
U0964,2026-08-06,start_learning,考研长期型
U0964,2026-08-07,complete_task,考研长期型
U0964,2026-08-07,open_app,考研长期型
U0964,2026-08-07,start_learning,考研长期型
U0964,2026-08-08,open_app,考研长期型
U0964,2026-08-08,start_learning,考研长期型
U0965,2026-08-19,complete_task,职业证书型
U0965,2026-08-19,register,职业证书型
U0965,2026-08-19,start_learning,职业证书型
U0965,2026-08-20,complete_task,职业证书型
U0965,2026-08-20,open_app,职业证书型
U0965,2026-08-20,start_learning,职业证书型
U0965,2026-08-21,complete_task,职业证书型
U0965,2026-08-21,open_app,职业证书型
U0965,2026-08-21,start_learning,职业证书型
U0965,2026-08-22,open_app,职业证书型
U0965,2026-08-22,start_learning,职业证书型
U0965,2026-08-23,complete_task,职业证书型
U0965,2026-08-23,open_app,职业证书型
U0965,2026-08-23,start_learning,职业证书型
U0965,2026-08-25,open_app,职业证书型
U0965,2026-08-25,start_learning,职业证书型
U0966,2026-08-12,complete_task,职业证书型
U0966,2026-08-12,register,职业证书型
U0966,2026-08-12,start_learning,职业证书型
U0967,2026-08-13,register,雅思留学型
U0968,2026-08-07,complete_task,考研长期型
U0968,2026-08-07,register,考研长期型
U0968,2026-08-07,start_learning,考研长期型
U0969,2026-08-19,complete_task,兴趣提升型
U0969,2026-08-19,register,兴趣提升型
U0969,2026-08-19,start_learning,兴趣提升型
U0970,2026-08-01,complete_task,四六级冲刺型
U0970,2026-08-01,register,四六级冲刺型
U0970,2026-08-01,start_learning,四六级冲刺型
U0971,2026-08-06,complete_task,习惯打卡型
U0971,2026-08-06,register,习惯打卡型
U0971,2026-08-06,start_learning,习惯打卡型
U0971,2026-08-07,complete_task,习惯打卡型
U0971,2026-08-07,open_app,习惯打卡型
U0971,2026-08-08,complete_task,习惯打卡型
U0971,2026-08-08,open_app,习惯打卡型
U0971,2026-08-09,complete_task,习惯打卡型
U0971,2026-08-09,open_app,习惯打卡型
U0971,2026-08-09,start_learning,习惯打卡型
U0971,2026-08-10,open_app,习惯打卡型
U0971,2026-08-10,start_learning,习惯打卡型
U0971,2026-08-13,complete_task,习惯打卡型
U0971,2026-08-13,open_app,习惯打卡型
U0971,2026-08-13,start_learning,习惯打卡型
U0971,2026-08-15,churn_flag,习惯打卡型
U0972,2026-08-09,complete_task,四六级冲刺型
U0972,2026-08-09,register,四六级冲刺型
U0972,2026-08-09,start_learning,四六级冲刺型
U0972,2026-08-10,complete_task,四六级冲刺型
U0972,2026-08-10,open_app,四六级冲刺型
U0972,2026-08-10,start_learning,四六级冲刺型
U0972,2026-08-11,open_app,四六级冲刺型
U0972,2026-08-11,start_learning,四六级冲刺型
U0972,2026-08-12,open_app,四六级冲刺型
U0972,2026-08-12,start_learning,四六级冲刺型
U0972,2026-08-13,complete_task,四六级冲刺型
U0972,2026-08-13,open_app,四六级冲刺型
U0972,2026-08-13,start_learning,四六级冲刺型
U0972,2026-08-14,complete_task,四六级冲刺型
U0972,2026-08-14,open_app,四六级冲刺型
U0973,2026-08-10,complete_task,四六级冲刺型
U0973,2026-08-10,register,四六级冲刺型
U0973,2026-08-10,start_learning,四六级冲刺型
U0973,2026-08-11,complete_task,四六级冲刺型
U0973,2026-08-11,open_app,四六级冲刺型
U0973,2026-08-11,start_learning,四六级冲刺型
U0973,2026-08-12,open_app,四六级冲刺型
U0973,2026-08-12,start_learning,四六级冲刺型
U0973,2026-08-14,complete_task,四六级冲刺型
U0973,2026-08-14,open_app,四六级冲刺型
U0974,2026-08-10,register,雅思留学型
U0975,2026-08-03,register,雅思留学型
U0976,2026-08-05,complete_task,雅思留学型
U0976,2026-08-05,register,雅思留学型
U0976,2026-08-05,start_learning,雅思留学型
U0976,2026-08-06,open_app,雅思留学型
U0976,2026-08-06,start_learning,雅思留学型
U0976,2026-08-08,complete_task,雅思留学型
U0976,2026-08-08,open_app,雅思留学型
U0976,2026-08-08,start_learning,雅思留学型
U0976,2026-08-09,complete_task,雅思留学型
U0976,2026-08-09,open_app,雅思留学型
U0976,2026-08-09,start_learning,雅思留学型
U0976,2026-08-11,complete_task,雅思留学型
U0976,2026-08-11,open_app,雅思留学型
U0976,2026-08-11,start_learning,雅思留学型
U0976,2026-08-12,complete_task,雅思留学型
U0976,2026-08-12,open_app,雅思留学型
U0976,2026-08-12,start_learning,雅思留学型
U0977,2026-08-02,complete_task,雅思留学型
U0977,2026-08-02,register,雅思留学型
U0977,2026-08-02,start_learning,雅思留学型
U0977,2026-08-03,complete_task,雅思留学型
U0977,2026-08-03,open_app,雅思留学型
U0977,2026-08-04,complete_task,雅思留学型
U0977,2026-08-04,open_app,雅思留学型
U0977,2026-08-04,start_learning,雅思留学型
U0977,2026-08-07,complete_task,雅思留学型
U0977,2026-08-07,open_app,雅思留学型
U0977,2026-08-07,start_learning,雅思留学型
U0977,2026-08-08,complete_task,雅思留学型
U0977,2026-08-08,open_app,雅思留学型
U0977,2026-08-09,complete_task,雅思留学型
U0977,2026-08-09,open_app,雅思留学型
U0977,2026-08-09,start_learning,雅思留学型
U0977,2026-08-10,churn_flag,雅思留学型
U0977,2026-08-13,reactivate,雅思留学型
U0977,2026-08-13,start_learning,雅思留学型
U0978,2026-08-12,complete_task,习惯打卡型
U0978,2026-08-12,register,习惯打卡型
U0978,2026-08-12,start_learning,习惯打卡型
U0978,2026-08-13,complete_task,习惯打卡型
U0978,2026-08-13,open_app,习惯打卡型
U0978,2026-08-13,start_learning,习惯打卡型
U0978,2026-08-15,open_app,习惯打卡型
U0978,2026-08-16,open_app,习惯打卡型
U0978,2026-08-16,start_learning,习惯打卡型
U0978,2026-08-17,complete_task,习惯打卡型
U0978,2026-08-17,open_app,习惯打卡型
U0978,2026-08-17,start_learning,习惯打卡型
U0978,2026-08-18,open_app,习惯打卡型
U0979,2026-08-08,complete_task,雅思留学型
U0979,2026-08-08,register,雅思留学型
U0979,2026-08-08,start_learning,雅思留学型
U0980,2026-08-12,register,雅思留学型
U0981,2026-08-12,complete_task,雅思留学型
U0981,2026-08-12,register,雅思留学型
U0981,2026-08-12,start_learning,雅思留学型
U0981,2026-08-19,complete_task,雅思留学型
U0981,2026-08-19,open_app,雅思留学型
U0981,2026-08-19,start_learning,雅思留学型
U0982,2026-08-15,complete_task,四六级冲刺型
U0982,2026-08-15,register,四六级冲刺型
U0982,2026-08-15,start_learning,四六级冲刺型
U0982,2026-08-16,complete_task,四六级冲刺型
U0982,2026-08-16,open_app,四六级冲刺型
U0982,2026-08-16,start_learning,四六级冲刺型
U0982,2026-08-17,open_app,四六级冲刺型
U0982,2026-08-17,start_learning,四六级冲刺型
U0982,2026-08-18,complete_task,四六级冲刺型
U0982,2026-08-18,open_app,四六级冲刺型
U0982,2026-08-18,start_learning,四六级冲刺型
U0982,2026-08-19,complete_task,四六级冲刺型
U0982,2026-08-19,open_app,四六级冲刺型
U0982,2026-08-20,complete_task,四六级冲刺型
U0982,2026-08-20,open_app,四六级冲刺型
U0982,2026-08-20,start_learning,四六级冲刺型
U0983,2026-08-11,register,托福留学型
U0984,2026-08-13,complete_task,考研长期型
U0984,2026-08-13,register,考研长期型
U0984,2026-08-13,start_learning,考研长期型
U0984,2026-08-14,complete_task,考研长期型
U0984,2026-08-14,open_app,考研长期型
U0984,2026-08-14,start_learning,考研长期型
U0984,2026-08-15,complete_task,考研长期型
U0984,2026-08-15,open_app,考研长期型
U0984,2026-08-15,start_learning,考研长期型
U0984,2026-08-17,complete_task,考研长期型
U0984,2026-08-17,open_app,考研长期型
U0984,2026-08-17,start_learning,考研长期型
U0984,2026-08-19,complete_task,考研长期型
U0984,2026-08-19,open_app,考研长期型
U0984,2026-08-19,start_learning,考研长期型
U0984,2026-08-20,open_app,考研长期型
U0984,2026-08-20,start_learning,考研长期型
U0984,2026-08-23,churn_flag,考研长期型
U0985,2026-08-12,complete_task,职业证书型
U0985,2026-08-12,register,职业证书型
U0985,2026-08-12,start_learning,职业证书型
U0985,2026-08-13,complete_task,职业证书型
U0985,2026-08-13,open_app,职业证书型
U0985,2026-08-13,start_learning,职业证书型
U0985,2026-08-15,open_app,职业证书型
U0985,2026-08-15,start_learning,职业证书型
U0985,2026-08-16,complete_task,职业证书型
U0985,2026-08-16,open_app,职业证书型
U0985,2026-08-19,open_app,职业证书型
U0985,2026-08-19,start_learning,职业证书型
U0986,2026-08-14,register,四六级冲刺型
U0987,2026-08-13,complete_task,习惯打卡型
U0987,2026-08-13,register,习惯打卡型
U0987,2026-08-13,start_learning,习惯打卡型
U0987,2026-08-14,complete_task,习惯打卡型
U0987,2026-08-14,open_app,习惯打卡型
U0987,2026-08-15,complete_task,习惯打卡型
U0987,2026-08-15,open_app,习惯打卡型
U0987,2026-08-17,complete_task,习惯打卡型
U0987,2026-08-17,open_app,习惯打卡型
U0987,2026-08-17,start_learning,习惯打卡型
U0987,2026-08-18,complete_task,习惯打卡型
U0987,2026-08-18,open_app,习惯打卡型
U0987,2026-08-18,start_learning,习惯打卡型
U0987,2026-08-19,open_app,习惯打卡型
U0987,2026-08-19,start_learning,习惯打卡型
U0987,2026-08-20,complete_task,习惯打卡型
U0987,2026-08-20,open_app,习惯打卡型
U0987,2026-08-20,start_learning,习惯打卡型
U0988,2026-08-07,complete_task,雅思留学型
U0988,2026-08-07,register,雅思留学型
U0988,2026-08-07,start_learning,雅思留学型
U0988,2026-08-08,open_app,雅思留学型
U0988,2026-08-11,open_app,雅思留学型
U0988,2026-08-13,open_app,雅思留学型
U0988,2026-08-13,start_learning,雅思留学型
U0988,2026-08-14,open_app,雅思留学型
U0988,2026-08-14,start_learning,雅思留学型
U0989,2026-08-05,complete_task,职场提升型
U0989,2026-08-05,register,职场提升型
U0989,2026-08-05,start_learning,职场提升型
U0989,2026-08-06,open_app,职场提升型
U0989,2026-08-06,start_learning,职场提升型
U0989,2026-08-11,open_app,职场提升型
U0989,2026-08-16,churn_flag,职场提升型
U0989,2026-08-21,reactivate,职场提升型
U0989,2026-08-21,start_learning,职场提升型
U0990,2026-08-16,complete_task,雅思留学型
U0990,2026-08-16,register,雅思留学型
U0990,2026-08-16,start_learning,雅思留学型
U0990,2026-08-28,churn_flag,雅思留学型
U0990,2026-09-04,reactivate,雅思留学型
U0990,2026-09-04,start_learning,雅思留学型
U0991,2026-08-07,complete_task,四六级冲刺型
U0991,2026-08-07,register,四六级冲刺型
U0991,2026-08-07,start_learning,四六级冲刺型
U0992,2026-08-11,complete_task,职场提升型
U0992,2026-08-11,register,职场提升型
U0992,2026-08-11,start_learning,职场提升型
U0992,2026-08-19,churn_flag,职场提升型
U0992,2026-08-22,reactivate,职场提升型
U0992,2026-08-22,start_learning,职场提升型
U0993,2026-08-04,complete_task,职业证书型
U0993,2026-08-04,register,职业证书型
U0993,2026-08-04,start_learning,职业证书型
U0993,2026-08-05,complete_task,职业证书型
U0993,2026-08-05,open_app,职业证书型
U0993,2026-08-10,open_app,职业证书型
U0993,2026-08-10,start_learning,职业证书型
U0993,2026-08-11,complete_task,职业证书型
U0993,2026-08-11,open_app,职业证书型
U0993,2026-08-11,start_learning,职业证书型
U0993,2026-08-12,churn_flag,职业证书型
U0993,2026-08-19,reactivate,职业证书型
U0993,2026-08-19,start_learning,职业证书型
U0994,2026-08-09,complete_task,兴趣提升型
U0994,2026-08-09,register,兴趣提升型
U0994,2026-08-09,start_learning,兴趣提升型
U0995,2026-08-11,register,雅思留学型
U0996,2026-08-13,complete_task,职业证书型
U0996,2026-08-13,register,职业证书型
U0996,2026-08-13,start_learning,职业证书型
U0997,2026-08-11,complete_task,职场提升型
U0997,2026-08-11,register,职场提升型
U0997,2026-08-11,start_learning,职场提升型
U0997,2026-08-12,complete_task,职场提升型
U0997,2026-08-12,open_app,职场提升型
U0997,2026-08-12,start_learning,职场提升型
U0997,2026-08-13,open_app,职场提升型
U0997,2026-08-17,complete_task,职场提升型
U0997,2026-08-17,open_app,职场提升型
U0997,2026-08-17,start_learning,职场提升型
U0998,2026-08-08,register,职业证书型
U0999,2026-08-20,complete_task,考研长期型
U0999,2026-08-20,register,考研长期型
U0999,2026-08-20,start_learning,考研长期型
U0999,2026-08-21,complete_task,考研长期型
U0999,2026-08-21,open_app,考研长期型
U0999,2026-08-21,start_learning,考研长期型
U0999,2026-08-22,complete_task,考研长期型
U0999,2026-08-22,open_app,考研长期型
U0999,2026-08-22,start_learning,考研长期型
U0999,2026-08-23,complete_task,考研长期型
U0999,2026-08-23,open_app,考研长期型
U0999,2026-08-24,complete_task,考研长期型
U0999,2026-08-24,open_app,考研长期型
U0999,2026-08-24,start_learning,考研长期型
U0999,2026-08-25,open_app,考研长期型
U0999,2026-08-25,start_learning,考研长期型
U0999,2026-08-26,complete_task,考研长期型
U0999,2026-08-26,open_app,考研长期型
U0999,2026-08-26,start_learning,考研长期型
U1000,2026-08-11,register,职业证书型
U1000,2026-08-11,start_learning,职业证书型
U1000,2026-08-12,complete_task,职业证书型
U1000,2026-08-12,open_app,职业证书型
U1000,2026-08-12,start_learning,职业证书型
U1000,2026-08-13,complete_task,职业证书型
U1000,2026-08-13,open_app,职业证书型
U1000,2026-08-14,complete_task,职业证书型
U1000,2026-08-14,open_app,职业证书型
U1000,2026-08-14,start_learning,职业证书型
U1000,2026-08-15,complete_task,职业证书型
U1000,2026-08-15,open_app,职业证书型
U1000,2026-08-18,open_app,职业证书型
U1000,2026-08-18,start_learning,职业证书型
